{"global_roc_auc": [0.6366050971124563, 0.6356137121670276, 0.6342077675800047, 0.633215459493638, 0.6327240005746312, 0.6302744497265923, 0.6300948332396011, 0.6284847753788326, 0.6279469315127852, 0.6270840451553108, 0.6245182138271358, 0.6255326326086712, 0.6248841617537589, 0.6245647511317115, 0.6247459441431062, 0.6241638508125212, 0.6247747390533024, 0.6257028942371631, 0.6249770904017649, 0.6250690606145172, 0.6264321808208021, 0.6262772299758923, 0.6262784608098928, 0.6271984911315472, 0.6284352385748831, 0.631867604667068, 0.6295360424773102, 0.6284709111937553, 0.63085520539651, 0.6303864308844063, 0.6285244861120517, 0.6306933124199935, 0.6312081452590589, 0.6302082902841494, 0.6319492144695064, 0.6340321293889011, 0.6334040286834209, 0.6330471136719225, 0.6323742924050102, 0.6296458670002638, 0.6308652947467747, 0.6310509211180293, 0.6316098063371487, 0.6313309369057084, 0.6304195671385151, 0.6315720363764219, 0.6339060037304228, 0.6333789129278639, 0.6367466848296817, 0.6322949343222437], "global_pr_auc": [0.9552487208982767, 0.9551030868911851, 0.954886842055734, 0.9547238324745931, 0.9546525016995456, 0.9542789568379039, 0.9542430339477094, 0.9539515313483158, 0.9538546545291904, 0.9536802116379083, 0.953279896523262, 0.9534584532582644, 0.9533547923960589, 0.9532367514023632, 0.9531715743557921, 0.9530904643341671, 0.9531663914956219, 0.9533435378806374, 0.9531966276425805, 0.9532970745083934, 0.9535260905218446, 0.9535053421817076, 0.953400503342666, 0.9536562727318163, 0.9537742508905575, 0.9543887064918055, 0.9540055390057932, 0.9537867121932091, 0.9542440070653238, 0.9541512938840316, 0.9538517357160078, 0.9542772031537564, 0.9542945432224942, 0.9540702557322013, 0.9543457418127119, 0.9546229221167393, 0.95449441582716, 0.9543358026550758, 0.9543225880745108, 0.9537693022224796, 0.9540898561626955, 0.9539653273871863, 0.9541190325311758, 0.9540065743116593, 0.9538210516888761, 0.954097632346749, 0.9544233245054997, 0.9543503294584896, 0.9549794131917396, 0.9542241273963615], "global_loss": [1.874735551898078, 2.0936633267915457, 2.180701807134126, 2.218266980961453, 2.137650293719914, 2.055445371756249, 2.146498582225972, 1.9967556464103042, 2.027894255726013, 2.0252306161662745, 1.9319577678278477, 1.9749465438540905, 1.9386419530860173, 2.005184586156464, 1.8595950892923936, 1.8880404063792904, 1.8003344657597165, 1.7851439516941747, 1.7610580499278374, 1.7690385614000255, 1.7557302571312672, 1.7263661390920704, 1.7243593049338528, 1.7507940700623168, 1.7102825796493843, 1.7472853939308313, 1.822961632593517, 1.7694049787374286, 1.7348150024270739, 1.7143828242141854, 1.6045365827203717, 1.686416998752046, 1.638285791773985, 1.59390269177917, 1.686293449670476, 1.6194831180041804, 1.6505882061059953, 1.5579028791802652, 1.5773964920201495, 1.66532060004281, 1.5790235103609291, 1.570808997299594, 1.5839928312634353, 1.520551551752882, 1.5682016976602793, 1.461431180739953, 1.3949101214355377, 1.4364854949947732, 1.422427896772655, 1.4705916554309335], "global_accuracy": [0.0701788640537475, 0.0701788640537475, 0.0701788640537475, 0.0701788640537475, 0.0701788640537475, 0.0701788640537475, 0.0701788640537475, 0.0701788640537475, 0.0701788640537475, 0.0701788640537475, 0.0701788640537475, 0.0701788640537475, 0.0701788640537475, 0.0701788640537475, 0.0701788640537475, 0.0701788640537475, 0.0701788640537475, 0.0701788640537475, 0.0701788640537475, 0.0701788640537475, 0.0701788640537475, 0.0701788640537475, 0.0701788640537475, 0.0701788640537475, 0.0701788640537475, 0.0701788640537475, 0.0701788640537475, 0.0701788640537475, 0.0701788640537475, 0.0701788640537475, 0.0701788640537475, 0.0701788640537475, 0.0701788640537475, 0.0701788640537475, 0.0701788640537475, 0.0701788640537475, 0.0701788640537475, 0.0701788640537475, 0.0701788640537475, 0.0701788640537475, 0.0701788640537475, 0.0701788640537475, 0.0701788640537475, 0.0701788640537475, 0.0701788640537475, 0.0701788640537475, 0.0701788640537475, 0.0701788640537475, 0.0701788640537475, 0.0701788640537475], "global_precision": [0.0, 0.0, 0.0, 0.0, 0.0, 0.0, 0.0, 0.0, 0.0, 0.0, 0.0, 0.0, 0.0, 0.0, 0.0, 0.0, 0.0, 0.0, 0.0, 0.0, 0.0, 0.0, 0.0, 0.0, 0.0, 0.0, 0.0, 0.0, 0.0, 0.0, 0.0, 0.0, 0.0, 0.0, 0.0, 0.0, 0.0, 0.0, 0.0, 0.0, 0.0, 0.0, 0.0, 0.0, 0.0, 0.0, 0.0, 0.0, 0.0, 0.0], "global_recall": [0.0, 0.0, 0.0, 0.0, 0.0, 0.0, 0.0, 0.0, 0.0, 0.0, 0.0, 0.0, 0.0, 0.0, 0.0, 0.0, 0.0, 0.0, 0.0, 0.0, 0.0, 0.0, 0.0, 0.0, 0.0, 0.0, 0.0, 0.0, 0.0, 0.0, 0.0, 0.0, 0.0, 0.0, 0.0, 0.0, 0.0, 0.0, 0.0, 0.0, 0.0, 0.0, 0.0, 0.0, 0.0, 0.0, 0.0, 0.0, 0.0, 0.0], "global_f1": [0.0, 0.0, 0.0, 0.0, 0.0, 0.0, 0.0, 0.0, 0.0, 0.0, 0.0, 0.0, 0.0, 0.0, 0.0, 0.0, 0.0, 0.0, 0.0, 0.0, 0.0, 0.0, 0.0, 0.0, 0.0, 0.0, 0.0, 0.0, 0.0, 0.0, 0.0, 0.0, 0.0, 0.0, 0.0, 0.0, 0.0, 0.0, 0.0, 0.0, 0.0, 0.0, 0.0, 0.0, 0.0, 0.0, 0.0, 0.0, 0.0, 0.0], "update_magnitudes": [[1.351536512374878, 1.2494277954101562], [1.0919291973114014, 1.0056967735290527], [1.023245930671692, 0.9695194363594055], [1.0269241333007812, 0.947350263595581], [0.9966457486152649, 0.9557060599327087], [1.003321647644043, 0.9468767046928406], [0.9816204309463501, 0.9711659550666809], [0.992289125919342, 0.9292418956756592], [0.9463838338851929, 0.9424437880516052], [0.956792950630188, 0.9246848821640015], [0.9682843089103699, 0.9928309917449951], [0.9882619976997375, 0.966160237789154], [0.964065432548523, 0.9492747187614441], [0.939207136631012, 0.9481083750724792], [0.9695497155189514, 0.9553200006484985], [0.9456285834312439, 0.9505252838134766], [0.9639152884483337, 0.9465507864952087], [0.9498277902603149, 0.9490439891815186], [0.9628739953041077, 0.9673258066177368], [0.9389208555221558, 0.9554811716079712], [0.9479193091392517, 0.9578285813331604], [0.9584381580352783, 0.9372547268867493], [0.914465069770813, 0.935076117515564], [0.9464655518531799, 0.9295209050178528], [0.9357110857963562, 0.92693030834198], [0.936428964138031, 0.9281998872756958], [0.9411799311637878, 0.9253126978874207], [0.9341662526130676, 0.9501701593399048], [0.9360466003417969, 0.9373495578765869], [0.8883872628211975, 0.9440635442733765], [0.9318364262580872, 0.9458780884742737], [0.9423550963401794, 0.9547810554504395], [0.941434919834137, 0.9500948786735535], [0.928763210773468, 0.9567824602127075], [0.9449981451034546, 0.9388025999069214], [0.9388765692710876, 0.9184523224830627], [0.9303052425384521, 0.9247704744338989], [0.9366205930709839, 0.9437324404716492], [0.9154491424560547, 0.9444314241409302], [0.9258909821510315, 0.9507985711097717], [0.9349198937416077, 0.9490554928779602], [0.9223954677581787, 0.9309088587760925], [0.904904842376709, 0.9106718897819519], [0.9122769832611084, 0.9227423667907715], [0.9370877146720886, 0.9389757513999939], [0.9157370924949646, 0.9444882869720459], [0.9216942191123962, 0.9526556730270386], [0.9203054904937744, 0.9484372138977051], [0.9317284822463989, 0.8864378929138184], [0.9126926064491272, 0.9367806315422058]]}