{"roc_auc": {"0": [0.6767450417172389, 0.6744107061521409, 0.6714512372998718, 0.6695702426682184, 0.6680438577322356, 0.6623520018745771, 0.6629310605841203, 0.6590848206645796, 0.6580395859606812, 0.6561075801895113, 0.6525251172268897, 0.6540215536874142, 0.6525897861876315, 0.6528186781072036, 0.6524894094292282, 0.6509287976641506, 0.6511950429020139, 0.6524604482661479, 0.6510673505011597, 0.6516877117785049, 0.6542734828958003, 0.6531645665435379, 0.6527915270168159, 0.6548030114343938, 0.6560318862405514, 0.6621344640473489, 0.6582508708095172, 0.6564412917731868, 0.6601473333350885, 0.6581891637859085, 0.6548451367625105, 0.6589235596428825, 0.6597007390362252, 0.6577057098249429, 0.6617839681532519, 0.6649158875674992, 0.6637895286965634, 0.6629516295919898, 0.6633060747355978, 0.6579903848938573, 0.6595414526392834, 0.6588644854522813, 0.6604148949894555, 0.6597229535647243, 0.6584537635031422, 0.6608479960191564, 0.6637348974116619, 0.6634184637945969, 0.6700596205034504, 0.6614542058190875], "1": [0.6041693127165537, 0.6042631225112478, 0.6041125303821688, 0.6038383410042922, 0.6041831721570047, 0.6043536225888193, 0.6035609453379531, 0.6037578735067487, 0.6036300356828878, 0.6036310699694885, 0.6018867456172106, 0.6025116615814242, 0.602496147282412, 0.6017336712002896, 0.6023273517091585, 0.6025359673165435, 0.6034253503645861, 0.604080984640844, 0.6038943993380566, 0.6035593939080519, 0.6039345296581683, 0.6045504473289549, 0.6048541138749548, 0.6048921756218648, 0.6061352846873869, 0.6074099394942338, 0.6063325231421627, 0.6058689558876764, 0.6071851890158764, 0.6079199462170968, 0.6072556239333919, 0.6078813673268862, 0.6081842064436055, 0.6079885194187309, 0.6078407198634741, 0.60907596835083, 0.6088504938718519, 0.608882246470497, 0.6073793246108496, 0.6067415834927858, 0.6076930237368775, 0.6085756839220149, 0.6083333505714433, 0.6083882711899469, 0.6077660443708952, 0.607915085070073, 0.6098022444019238, 0.6091049283756529, 0.6098275844236438, 0.6087322749133784]}, "pr_auc": {"0": [0.96223089551698, 0.9618956013044662, 0.9614549662632333, 0.9611626669549223, 0.9609355974259564, 0.9600826330319946, 0.960133363152772, 0.9594808922231339, 0.9592778217045113, 0.9588919131359922, 0.9582562025891297, 0.9585747656866859, 0.9583879498949196, 0.9582136264757619, 0.9580138454557441, 0.9577968389593912, 0.9578476883904681, 0.9581599676844658, 0.9578776720591771, 0.958127709152758, 0.9585615280340227, 0.9584204972850846, 0.9582145446414517, 0.958731057178817, 0.9588473332477533, 0.9599435591345905, 0.9592742292704531, 0.9589175566416123, 0.9596903658996818, 0.9594277973674292, 0.9588631769511382, 0.95963933655835, 0.9596556276688937, 0.9592461518873768, 0.9598420351357183, 0.9602742116503002, 0.960037412909788, 0.9597433417213455, 0.9598960196550538, 0.9588166012198726, 0.9593841454900487, 0.9590060627759334, 0.9593269812859271, 0.9591049321332831, 0.958784638229519, 0.9593943878181648, 0.9598772152060602, 0.9597904900628571, 0.9610141064282327, 0.9594811204439903], "1": [0.9496066525601997, 0.9496142767997782, 0.9495793543953108, 0.9495208196398425, 0.9495753362891979, 0.9495891947670133, 0.9494832503955034, 0.9494834345696925, 0.9494723694270658, 0.9494688050753913, 0.9492587053574606, 0.9493241275021053, 0.9492876614353397, 0.949215100440073, 0.9492586924888391, 0.949287395990821, 0.9493835876509861, 0.9494515375250524, 0.9494140278174107, 0.9493935956829312, 0.9494571171564805, 0.9495335651208455, 0.9495104330603622, 0.9495555043874828, 0.9496748579496651, 0.9499000106441557, 0.9497480816735541, 0.9496406435840987, 0.9498429815374283, 0.9498875229437169, 0.9498021529620729, 0.9499442374577165, 0.9499624251554722, 0.9498877823033551, 0.9499043658477727, 0.9500562987525514, 0.9500153000722813, 0.9499661461198486, 0.949818879191209, 0.9496907439764976, 0.9498117130600492, 0.9498920729799862, 0.9499106584385545, 0.9498867570895984, 0.9498101387579322, 0.9498174964332531, 0.9500162127213664, 0.9499543125187623, 0.9501029737586124, 0.9499761222049612]}, "loss": {"0": [2.1258254181877225, 2.4007308327220085, 2.5339403930947246, 2.5917675222402656, 2.5141463012164342, 2.4673891978729148, 2.5676408490876073, 2.4216650019387536, 2.46681074552023, 2.4814785690053194, 2.3934979863973638, 2.42720077977036, 2.3912108018810687, 2.4681171640133677, 2.290367828895687, 2.3411970787053873, 2.2331829460977004, 2.199174682696833, 2.1770638677025422, 2.171776950609966, 2.143249721894908, 2.110106883160322, 2.1132241960226565, 2.1248729319197035, 2.0682707912804026, 2.0745171912946754, 2.1965242706382897, 2.136183259866368, 2.0571761958855244, 2.0372100349991533, 1.9352546339019825, 1.9983774135125554, 1.9434225882449598, 1.8988075925592791, 1.9845855976163918, 1.8834701743837334, 1.9241284114201034, 1.8313883841858751, 1.845014868879104, 1.9838346581156918, 1.856444434184898, 1.8612186044165064, 1.8615295998649493, 1.7945631341656274, 1.871997836017429, 1.720096854173534, 1.6110235930215073, 1.6604484402132635, 1.6054907864170591, 1.711523796348135], "1": [1.6718379931905218, 1.8455320571693818, 1.8952611886344601, 1.9164533350295887, 1.8334161089118908, 1.7225669570323943, 1.8061872065521223, 1.653400208842496, 1.6732201082914562, 1.6565514768433975, 1.5590021206051827, 1.6094945973517536, 1.5729357781435358, 1.631103818655433, 1.5115016416561973, 1.5218592303498977, 1.4505636795124397, 1.450579176971489, 1.4248972717893005, 1.4435987609970549, 1.4425883748479664, 1.4162777181668944, 1.4101302273732985, 1.4485131020705184, 1.4210039430427217, 1.4828600158870184, 1.5210978082836757, 1.4730233727104844, 1.4743254010692701, 1.4535166494037648, 1.3372940762949466, 1.434331928559333, 1.3917146657039774, 1.3475189530786604, 1.4452532615728664, 1.4061637592371543, 1.429549258231558, 1.3369081328469685, 1.3611427812179628, 1.4079397437302914, 1.3548486800101605, 1.3361384342061755, 1.359724390513728, 1.2991316993682092, 1.3227139138309454, 1.2524118585480397, 1.2202758503016073, 1.2555083193832066, 1.2745007265221675, 1.2759022243971285]}, "accuracy": {"0": [0.0685805422647528, 0.0685805422647528, 0.0685805422647528, 0.0685805422647528, 0.0685805422647528, 0.0685805422647528, 0.0685805422647528, 0.0685805422647528, 0.0685805422647528, 0.0685805422647528, 0.0685805422647528, 0.0685805422647528, 0.0685805422647528, 0.0685805422647528, 0.0685805422647528, 0.0685805422647528, 0.0685805422647528, 0.0685805422647528, 0.0685805422647528, 0.0685805422647528, 0.0685805422647528, 0.0685805422647528, 0.0685805422647528, 0.0685805422647528, 0.0685805422647528, 0.0685805422647528, 0.0685805422647528, 0.0685805422647528, 0.0685805422647528, 0.0685805422647528, 0.0685805422647528, 0.0685805422647528, 0.0685805422647528, 0.0685805422647528, 0.0685805422647528, 0.0685805422647528, 0.0685805422647528, 0.0685805422647528, 0.0685805422647528, 0.0685805422647528, 0.0685805422647528, 0.0685805422647528, 0.0685805422647528, 0.0685805422647528, 0.0685805422647528, 0.0685805422647528, 0.0685805422647528, 0.0685805422647528, 0.0685805422647528, 0.0685805422647528],