{"global_roc_auc": [0.6337860377645006, 0.6338297627438612, 0.6314467555258404, 0.6310746790602088, 0.6305582329227519, 0.6296293367179188, 0.6295751359485887, 0.6299990181743031, 0.6278533412650431, 0.6267403781353535, 0.6262393071321685, 0.6271402719857976, 0.6277724983720567, 0.628302964623155, 0.6279718617311456, 0.6278277954916198, 0.6268893495854513, 0.626808249806995, 0.6266219739600137, 0.6270209548652936, 0.6248476150970044, 0.6241725737358433, 0.6246925241665343, 0.6228142613822092, 0.6229215020743055, 0.625714017742396, 0.6234753530657283, 0.6241617338154628, 0.623005045347564, 0.6229887017139233, 0.6220780762241523, 0.6233198581748097, 0.6245198505812822, 0.6231906172132038, 0.6251613320295706, 0.6251470047739587, 0.624649003919363, 0.6245238336086262, 0.6260434087302756, 0.6272724659651975, 0.6262807617526226, 0.6270734343444639, 0.6240009648707435, 0.6262730028197365, 0.6248221908526223, 0.6260993046869113, 0.6253574439717936, 0.6246380298962025, 0.62663309614403, 0.6269647223398083], "global_pr_auc": [0.9547485190013438, 0.9547162688236723, 0.95436799259336, 0.954314414254426, 0.9542191265385536, 0.9540748898902273, 0.9541043142690142, 0.9541611539498484, 0.9538021401812828, 0.9536562454855722, 0.9535501687751319, 0.9536873643807182, 0.9537432034107594, 0.9538796995326037, 0.9538313501620752, 0.9537588693281386, 0.9535688700739086, 0.9536147866272484, 0.9536426312610994, 0.9536680511596777, 0.9532355023779229, 0.9531461903725933, 0.9531549851645981, 0.9527456124383726, 0.9528344379994399, 0.9534338053569977, 0.9529154958462424, 0.9530908135595513, 0.9527819580039323, 0.9527352441977958, 0.9526009421209447, 0.9527280817066277, 0.9529449066491993, 0.9526846916367846, 0.9531427034841183, 0.9531042974081937, 0.9530972450323577, 0.9530218215443731, 0.9533402294177075, 0.9535657317426002, 0.9533636185273978, 0.9535904632670374, 0.9529727089183327, 0.953532043579503, 0.9532270853990893, 0.9534045674104243, 0.9531595027437942, 0.9530937510012645, 0.9534513177758853, 0.9536323616076575], "global_loss": [1.5094660451864625, 1.859957592529494, 1.880273648584183, 1.91103783183117, 1.830680064450291, 1.8719374426278832, 1.7962170334055823, 1.7832036307594734, 1.891887622610305, 1.8533355570713164, 1.80664018308423, 1.795798970782561, 1.7806847818196614, 1.8963822506784658, 1.7760266217952163, 1.7891314868031307, 1.7615456830514, 1.807172177082819, 1.9001175472278764, 1.7812684089004245, 1.7411250473015922, 1.815531859110498, 1.7298350937466962, 1.7163753348850417, 1.6999517989628459, 1.8096017175267332, 1.6841985435357971, 1.6945976354687389, 1.6932908651849279, 1.7072579647182293, 1.6180325245017646, 1.6943941057533922, 1.6821671397301252, 1.620814745646094, 1.7989274976028211, 1.7294839034835943, 1.7531347559528065, 1.6610421041697312, 1.679244674292478, 1.664395574642896, 1.6340616302109008, 1.661635642338019, 1.6060059982029167, 1.6848921053569332, 1.6665278959127379, 1.6401590450975327, 1.5971144130162014, 1.6052167320713944, 1.6096590436194678, 1.6494335650622918], "global_accuracy": [0.0701788640537475, 0.0701788640537475, 0.0701788640537475, 0.0701788640537475, 0.0701788640537475, 0.0701788640537475, 0.0701788640537475, 0.0701788640537475, 0.0701788640537475, 0.0701788640537475, 0.0701788640537475, 0.0701788640537475, 0.0701788640537475, 0.0701788640537475, 0.0701788640537475, 0.0701788640537475, 0.0701788640537475, 0.0701788640537475, 0.0701788640537475, 0.0701788640537475, 0.0701788640537475, 0.0701788640537475, 0.0701788640537475, 0.0701788640537475, 0.0701788640537475, 0.0701788640537475, 0.0701788640537475, 0.0701788640537475, 0.0701788640537475, 0.0701788640537475, 0.0701788640537475, 0.0701788640537475, 0.0701788640537475, 0.0701788640537475, 0.0701788640537475, 0.0701788640537475, 0.0701788640537475, 0.0701788640537475, 0.0701788640537475, 0.0701788640537475, 0.0701788640537475, 0.0701788640537475, 0.0701788640537475, 0.0701788640537475, 0.0701788640537475, 0.0701788640537475, 0.0701788640537475, 0.0701788640537475, 0.0701788640537475, 0.0701788640537475], "global_precision": [0.0, 0.0, 0.0, 0.0, 0.0, 0.0, 0.0, 0.0, 0.0, 0.0, 0.0, 0.0, 0.0, 0.0, 0.0, 0.0, 0.0, 0.0, 0.0, 0.0, 0.0, 0.0, 0.0, 0.0, 0.0, 0.0, 0.0, 0.0, 0.0, 0.0, 0.0, 0.0, 0.0, 0.0, 0.0, 0.0, 0.0, 0.0, 0.0, 0.0, 0.0, 0.0, 0.0, 0.0, 0.0, 0.0, 0.0, 0.0, 0.0, 0.0], "global_recall": [0.0, 0.0, 0.0, 0.0, 0.0, 0.0, 0.0, 0.0, 0.0, 0.0, 0.0, 0.0, 0.0, 0.0, 0.0, 0.0, 0.0, 0.0, 0.0, 0.0, 0.0, 0.0, 0.0, 0.0, 0.0, 0.0, 0.0, 0.0, 0.0, 0.0, 0.0, 0.0, 0.0, 0.0, 0.0, 0.0, 0.0, 0.0, 0.0, 0.0, 0.0, 0.0, 0.0, 0.0, 0.0, 0.0, 0.0, 0.0, 0.0, 0.0], "global_f1": [0.0, 0.0, 0.0, 0.0, 0.0, 0.0, 0.0, 0.0, 0.0, 0.0, 0.0, 0.0, 0.0, 0.0, 0.0, 0.0, 0.0, 0.0, 0.0, 0.0, 0.0, 0.0, 0.0, 0.0, 0.0, 0.0, 0.0, 0.0, 0.0, 0.0, 0.0, 0.0, 0.0, 0.0, 0.0, 0.0, 0.0, 0.0, 0.0, 0.0, 0.0, 0.0, 0.0, 0.0, 0.0, 0.0, 0.0, 0.0, 0.0, 0.0], "update_magnitudes": [[1.0082292556762695, 0.8514813184738159], [0.7431507706642151, 0.6228335499763489], [0.7289257645606995, 0.5998185276985168], [0.6828629374504089, 0.5884650349617004], [0.6730538606643677, 0.5867133736610413], [0.6593369841575623, 0.5777362585067749], [0.645065426826477, 0.5761471390724182], [0.6567165851593018, 0.578792154788971], [0.6420913934707642, 0.5794305205345154], [0.64751136302948, 0.5607089996337891], [0.6344137787818909, 0.5767617225646973], [0.6133193969726562, 0.5652129650115967], [0.6257317066192627, 0.5664008259773254], [0.6375603675842285, 0.5511552691459656], [0.6134071350097656, 0.5643190741539001], [0.6200109720230103, 0.568413496017456], [0.6062607765197754, 0.5378413200378418], [0.6075949668884277, 0.5550438761711121], [0.6111145615577698, 0.5463525652885437], [0.5936058759689331, 0.5419832468032837], [0.5954651236534119, 0.5313999652862549], [0.5894314646720886, 0.532896876335144], [0.5950391888618469, 0.5350268483161926], [0.604985237121582, 0.5407066345214844], [0.5861280560493469, 0.516398012638092], [0.5946382880210876, 0.5339300036430359], [0.5938577651977539, 0.5636997818946838], [0.5841840505599976, 0.5438613295555115], [0.5786694884300232, 0.5363699793815613], [0.5962594151496887, 0.5390898585319519], [0.5903916954994202, 0.5336971282958984], [0.5835481286048889, 0.5408072471618652], [0.5841412544250488, 0.5298066139221191], [0.6027557849884033, 0.5255783796310425], [0.5921828150749207, 0.5337131023406982], [0.5701375007629395, 0.52544766664505], [0.574020266532898, 0.5255478620529175], [0.5858566761016846, 0.5249059796333313], [0.5649758577346802, 0.5316788554191589], [0.5885077714920044, 0.5261997580528259], [0.5727043747901917, 0.5256252288818359], [0.5819880366325378, 0.5205853581428528], [0.5848101377487183, 0.518470048904419], [0.5668588280677795, 0.5315217971801758], [0.5814850330352783, 0.5146605372428894], [0.562499463558197, 0.517498791217804], [0.5792691707611084, 0.5043402314186096], [0.5594484806060791, 0.5291071534156799], [0.5715481042861938, 0.5320186614990234], [0.5727491974830627, 0.5157541632652283]]}