{"roc_auc": {"0": [0.6720743959622874, 0.6710156679892265, 0.6667355042796701, 0.6657345340807068, 0.6641304805710089, 0.6620982625934985, 0.6619827470453031, 0.662424075678152, 0.658398474009989, 0.6561595786414055, 0.6553769690299853, 0.6573940482177036, 0.657630344980109, 0.6590892635702795, 0.6581114952121931, 0.657016565785282, 0.6555818363483659, 0.6560682522464647, 0.6561625405785387, 0.6561773502642048, 0.6524008804193576, 0.6519868674289595, 0.6529406111858543, 0.6497859835869191, 0.6507214620648256, 0.6544979319096728, 0.6506638688427909, 0.6523265028869013, 0.6495406364610512, 0.6495304342331478, 0.6477819040121742, 0.6494567149089434, 0.6510736034795521, 0.6485566151245725, 0.652802552005034, 0.6521593179909377, 0.6514479594227777, 0.6505197212356412, 0.6535099613236831, 0.6554414734386642, 0.6531229348716099, 0.6548230867860744, 0.6498223495928324, 0.654843491241881, 0.6526644928242137, 0.6532934108088326, 0.6518693772560088, 0.6509589106916716, 0.653389838317725, 0.6545900810649283], "1": [0.6028464601541087, 0.603781041526607, 0.6029310647980555, 0.6030671769147231, 0.6034295909396494, 0.6033922531933599, 0.6033875989036561, 0.6037973832549, 0.6031708124321249, 0.6029676785437246, 0.6026941097378083, 0.6026931788798676, 0.6036453431245798, 0.6034255572219062, 0.6036170036717174, 0.6042412990639705, 0.6037038837461861, 0.6031641929978797, 0.6027512023581735, 0.6034606195376738, 0.6025827170709004, 0.6016967471686404, 0.6018661633138542, 0.6010192894451052, 0.6004572581062212, 0.6024546723897192, 0.601505197290169, 0.6014026994880282, 0.6015624967678544, 0.6015411904638776, 0.6013076485494131, 0.6021995138852976, 0.6030626260536796, 0.6026931788798675, 0.6028253607074521, 0.6033192325593422, 0.602993639137405, 0.6035174018720587, 0.6038485804416404, 0.6045100067228629, 0.6045904742204065, 0.6046498422712934, 0.6031355432590371, 0.6031861198738171, 0.6023237317060557, 0.6041246315353984, 0.6039340125148678, 0.6033689817448414, 0.6050118425815794, 0.6046415679784868]}, "pr_auc": {"0": [0.9613685947652446, 0.9611643139695318, 0.960483903644364, 0.9603815670759902, 0.9601143923809827, 0.9598033111868582, 0.959854978711957, 0.9599335189735452, 0.9592274390197486, 0.9589166241736902, 0.9587392621929927, 0.9590301866973739, 0.9590177245806779, 0.959346886372074, 0.9592068938769884, 0.9589700995120904, 0.9586326874611161, 0.9587996180597556, 0.9589177634502379, 0.9588682929388262, 0.9580692039723528, 0.9580144561387074, 0.9580175788891845, 0.9572621917279605, 0.9574958345773732, 0.9585127589851317, 0.9575391942298094, 0.9579155055327349, 0.9572730712428046, 0.9571891259810141, 0.9569216992898137, 0.9570933744440662, 0.9574197749867468, 0.9569179232410046, 0.9578824836679648, 0.9577316806109708, 0.957742668624505, 0.9575087891375615, 0.9581327517276519, 0.9585519982032921, 0.9581041596940263, 0.9585729663443046, 0.9574667892494013, 0.9586522178770762, 0.9581253860795937, 0.9582411624544918, 0.9577824062148395, 0.9576934476066635, 0.9582302675559531, 0.9586740838133725], "1": [0.9493990509769948, 0.9495058131495202, 0.9494259236844944, 0.9494117452857745, 0.9494553538501683, 0.9494459388556439, 0.9494573892709599, 0.949496693417913, 0.9494181325514655, 0.9494055044681502, 0.9493570310673165, 0.9493700033470905, 0.9494810343135275, 0.9494618435708383, 0.9494875480301984, 0.9495478436192505, 0.9494769638540849, 0.9494250928912522, 0.9493799684190986, 0.9494659048235082, 0.9493295452498112, 0.9492123030609299, 0.9492256812453106, 0.9490959115360297, 0.949067714953997, 0.9493296680329192, 0.9491792354862022, 0.9491921368134909, 0.9491528353893415, 0.9491362071122265, 0.949109478708716, 0.9492006305491669, 0.9493289110112918, 0.9492639547881334, 0.9493126411947723, 0.9493650594655331, 0.9493434292374905, 0.9493960488912957, 0.9494675479307633, 0.9495364919055265, 0.9495329413126031, 0.9495642644977721, 0.9493411886929901, 0.949394597172421, 0.9492689278494595, 0.9494962721797188, 0.9494238847267225, 0.94937688569793, 0.9495896038091286, 0.9495583097857445]}, "loss": {"0": [1.7377138529132203, 2.1614396077438562, 2.223645017097631, 2.269835234414292, 2.1913331120156267, 2.2588044119966675, 2.161235596384538, 2.144031223221345, 2.306554656314283, 2.2759596315936728, 2.2220777091520914, 2.1900507885597054, 2.1726008499984, 2.2971289691258567, 2.1568518173042994, 2.182987976959171, 2.1638226314819566, 2.2137102633433807, 2.3225984688131502, 2.175394184056686, 2.1568809222774057, 2.251841097789276, 2.1415152011167247, 2.152437203169318, 2.1221322160156393, 2.2230035218532938, 2.0977213437684776, 2.097995661264989, 2.1195750148707373, 2.1363204086589107, 2.0345540665467094, 2.1179952467976055, 2.0915444080805767, 2.0363110109085585, 2.217272814484771, 2.137726145342362, 2.174748942145787, 2.0694123686129102, 2.0649790421627356, 2.027469711889992, 2.0066259991730298, 2.0277382252059746, 1.9950507375422086, 2.043445481517029, 2.038328506228577, 2.0045471501139533, 1.9664671550682702, 1.9851482469343837, 1.9699614266131051, 2.009365871053892], "1": [1.3250264114710624, 1.6163397763860665, 1.602806407747453, 1.6211053143206855, 1.5392480605515948, 1.5593228206623349, 1.5012573984120419, 1.4916305828038614, 1.5568086723591337, 1.5118267807963304, 1.4709386230003925, 1.4772168928793319, 1.4639901472381074, 1.5725518546749713, 1.4682941608842381, 1.4708688602995021, 1.436478757942079, 1.478661965010944, 1.5587244481878386, 1.4627881819418318, 1.4051662398138867, 1.462964546547763, 1.3971697815692279, 1.364007914296772, 1.358801527866929, 1.475545158006325, 1.3500442111568975, 1.368624804183343, 1.3488245011493345, 1.3605465514099802, 1.2814550063452248, 1.3520957937838394, 1.3513626769054126, 1.2850657203285472, 1.4608762462864022, 1.3995966186702216, 1.4124420376080968, 1.3310513684675578, 1.3675452707801288, 1.3710071668753376, 1.333004474695761, 1.3658000461106838, 1.2916315911175147, 1.3951567776662674, 1.3660879089319713, 1.3457088626890623, 1.298652468805922, 1.2982064254394245, 1.3185104003620203, 1.3585839690000046]}, "accuracy": {"0": [0.0685805422647528, 0.0685805422647528, 0.0685805422647528, 0.0685805422647528, 0.0685805422647528, 0.0685805422647528, 0.0685805422647528, 0.0685805422647528, 0.0685805422647528, 0.0685805422647528, 0.0685805422647528, 0.0685805422647528, 0.0685805422647528, 0.0685805422647528, 0.0685805422647528, 0.0685805422647528, 0.0685805422647528, 0.0685805422647528, 0.0685805422647528, 0.0685805422647528, 0.0685805422647528, 0.0685805422647528, 0.0685805422647528, 0.0685805422647528, 0.0685805422647528, 0.0685805422647528, 0.0685805422647528, 0.0685805422647528, 0.0685805422647528, 0.0685805422647528, 0.0685805422647528, 0.0685805422647528, 0.0685805422647528, 0.0685805422647528, 0.0685805422647528, 0.0685805422647528, 0.0685805422647528, 0.0685805422647528, 0.0685805422647528, 0.0685805422647528, 0.0685805422647528, 0.0685805422647528, 0.0685805422647528, 0.0685805422647528, 0.0685805422647528, 0.0685805422647528, 0.0685805422647528, 0.0685805422647528, 0.0685805422647528, 0.0685805422647528],