{"global_roc_auc": [0.6357439168767318, 0.6335749380889195, 0.6333483412443699, 0.6330332547542458, 0.6310706649072727, 0.6312957167631279, 0.6278801998091504, 0.6284226107580162, 0.6285046216477734, 0.6294460749736549, 0.6270894378463834, 0.628032234611821, 0.6282313775763115, 0.6250235978565291, 0.6261885428916436, 0.627312830297423, 0.6288312438315062, 0.6254060746219379, 0.6302651651980719, 0.6301647944469437, 0.6295884047744169, 0.6309657817676926, 0.629677745604479, 0.6285209125397621, 0.6298905122638392, 0.6313006648737761, 0.6311060979225805, 0.6293318894387695, 0.6282945395268477, 0.6273509223192016, 0.627995960222162, 0.6289774046772401, 0.6294421647509588, 0.6272622049319204, 0.628964101921432, 0.6282480068523734, 0.6282137776058442, 0.6275570673118237, 0.6246773932135091, 0.6240818232234211, 0.620758068328118, 0.6203166559539266, 0.6219364356312991, 0.6200270313245376, 0.6223785121148497, 0.6169439034690217, 0.6177645586344348, 0.6207850496211278, 0.6203356426426884, 0.6211916509035083], "global_pr_auc": [0.9549954162472347, 0.954716737611149, 0.9546866415144624, 0.9546383717144528, 0.9542982071093951, 0.9543536299962911, 0.9537527483318562, 0.9538461971130373, 0.9537317311479708, 0.9539174387912593, 0.9535758090768579, 0.9538299524373343, 0.9538136283265252, 0.9532383045864637, 0.9533672453104126, 0.9535836204888336, 0.9539540603123007, 0.9532982000901014, 0.9541667337250189, 0.9541744852340133, 0.954094356371863, 0.9543603787235392, 0.9541167886543214, 0.9538825699577983, 0.9541459661663455, 0.9544336873588078, 0.9543447471868802, 0.9540784492255069, 0.9539402134650823, 0.9536888837853633, 0.9537877775640479, 0.9540268485383578, 0.9540569693490535, 0.9536071798655287, 0.9537982816248718, 0.9537764053911003, 0.9536468969176894, 0.9534989701449795, 0.9530729367185952, 0.9529482768685419, 0.9521613432097927, 0.952140841179404, 0.9524793047454564, 0.9520142468653598, 0.9527552097953472, 0.9513712251511459, 0.9516424236606678, 0.9523516295057773, 0.9523107909087847, 0.9523622023045524], "global_loss": [1.8076197803184797, 1.9138787079127482, 1.9849147326339525, 2.034281569628556, 2.057024031015136, 1.969817744439732, 1.8332485981132611, 1.8898552212380642, 1.8592694157917415, 1.819869855571136, 1.7671725552454878, 1.7570372724770063, 1.7533022751774048, 1.7626053712854115, 1.742384569103929, 1.7269192878364241, 1.7392525572215578, 1.6920930787817927, 1.692948246226749, 1.7318105291164576, 1.724724053068673, 1.648083349326415, 1.626044308468509, 1.5279852202581763, 1.5692635956464824, 1.5616765788424678, 1.5262834668370502, 1.5946815579382412, 1.5927251425188071, 1.527953910241188, 1.6143487097443074, 1.4652624557304141, 1.5190934492654249, 1.5032320416147982, 1.4640625908723686, 1.4002685480603458, 1.4421783557433305, 1.4260253894290358, 1.4552148560954572, 1.5038922674060666, 1.3951931543985387, 1.4543253482915255, 1.3155132123540625, 1.3318519840860943, 1.3569250495077378, 1.2702762292800496, 1.2939637337736125, 1.2209034548674058, 1.3367581302074039, 1.239060527880741], "global_accuracy": [0.0701788640537475, 0.0701788640537475, 0.0701788640537475, 0.0701788640537475, 0.0701788640537475, 0.0701788640537475, 0.0701788640537475, 0.0701788640537475, 0.0701788640537475, 0.0701788640537475, 0.0701788640537475, 0.0701788640537475, 0.0701788640537475, 0.0701788640537475, 0.0701788640537475, 0.0701788640537475, 0.0701788640537475, 0.0701788640537475, 0.0701788640537475, 0.0701788640537475, 0.0701788640537475, 0.0701788640537475, 0.0701788640537475, 0.0701788640537475, 0.0701788640537475, 0.0701788640537475, 0.0701788640537475, 0.0701788640537475, 0.0701788640537475, 0.0701788640537475, 0.0701788640537475, 0.0701788640537475, 0.0701788640537475, 0.0701788640537475, 0.0701788640537475, 0.0701788640537475, 0.0701788640537475, 0.0701788640537475, 0.0701788640537475, 0.0701788640537475, 0.0701788640537475, 0.0701788640537475, 0.0701788640537475, 0.0701788640537475, 0.0701788640537475, 0.0701788640537475, 0.0701788640537475, 0.0701788640537475, 0.0701788640537475, 0.0701788640537475], "global_precision": [0.0, 0.0, 0.0, 0.0, 0.0, 0.0, 0.0, 0.0, 0.0, 0.0, 0.0, 0.0, 0.0, 0.0, 0.0, 0.0, 0.0, 0.0, 0.0, 0.0, 0.0, 0.0, 0.0, 0.0, 0.0, 0.0, 0.0, 0.0, 0.0, 0.0, 0.0, 0.0, 0.0, 0.0, 0.0, 0.0, 0.0, 0.0, 0.0, 0.0, 0.0, 0.0, 0.0, 0.0, 0.0, 0.0, 0.0, 0.0, 0.0, 0.0], "global_recall": [0.0, 0.0, 0.0, 0.0, 0.0, 0.0, 0.0, 0.0, 0.0, 0.0, 0.0, 0.0, 0.0, 0.0, 0.0, 0.0, 0.0, 0.0, 0.0, 0.0, 0.0, 0.0, 0.0, 0.0, 0.0, 0.0, 0.0, 0.0, 0.0, 0.0, 0.0, 0.0, 0.0, 0.0, 0.0, 0.0, 0.0, 0.0, 0.0, 0.0, 0.0, 0.0, 0.0, 0.0, 0.0, 0.0, 0.0, 0.0, 0.0, 0.0], "global_f1": [0.0, 0.0, 0.0, 0.0, 0.0, 0.0, 0.0, 0.0, 0.0, 0.0, 0.0, 0.0, 0.0, 0.0, 0.0, 0.0, 0.0, 0.0, 0.0, 0.0, 0.0, 0.0, 0.0, 0.0, 0.0, 0.0, 0.0, 0.0, 0.0, 0.0, 0.0, 0.0, 0.0, 0.0, 0.0, 0.0, 0.0, 0.0, 0.0, 0.0, 0.0, 0.0, 0.0, 0.0, 0.0, 0.0, 0.0, 0.0, 0.0, 0.0], "update_magnitudes": [[1.4590014219284058, 1.4312204122543335], [1.1214078664779663, 1.0191283226013184], [1.0307663679122925, 1.0322366952896118], [1.0045069456100464, 0.9912600517272949], [1.0268375873565674, 0.9845079183578491], [1.011629581451416, 0.9877615571022034], [1.0135341882705688, 0.9721121191978455], [0.9929747581481934, 0.9607776999473572], [0.9759780764579773, 0.9327386021614075], [0.9612248539924622, 0.9335377812385559], [0.9541489481925964, 0.9278419017791748], [0.9700973629951477, 0.9444881677627563], [0.971680223941803, 0.9366765022277832], [0.9443916082382202, 0.9241955876350403], [0.9340875744819641, 0.9522939324378967], [0.9416253566741943, 0.9314141273498535], [0.9528681039810181, 0.9568008184432983], [0.9392882585525513, 0.9190763831138611], [0.9607946276664734, 0.9671410322189331], [0.9288204908370972, 0.9242078065872192], [0.9276185035705566, 0.9310215711593628], [0.9179243445396423, 0.9246225357055664], [0.9321394562721252, 0.958215594291687], [0.925161600112915, 0.9675079584121704], [0.9186212420463562, 0.9497494101524353], [0.9353111982345581, 0.9499307870864868], [0.9228888154029846, 0.977813184261322], [0.9460557103157043, 0.9539615511894226], [0.9220921993255615, 0.9640369415283203], [0.9105620980262756, 0.9429602026939392], [0.9264785051345825, 0.9542937874794006], [0.9325807690620422, 0.9553532600402832], [0.9178596138954163, 0.9673498272895813], [0.9304600358009338, 0.960479736328125], [0.9333118796348572, 0.963291585445404], [0.9598993062973022, 0.9161772727966309], [0.9428948163986206, 0.9946572184562683], [0.9299929738044739, 0.9328681826591492], [0.9088376760482788, 0.9573986530303955], [0.9181596040725708, 0.9628627300262451], [0.9099646806716919, 0.9576879143714905], [0.8946773409843445, 0.9831762313842773], [0.9307174682617188, 0.9357942342758179], [0.9051084518432617, 0.9430171847343445], [0.9083471298217773, 0.9553701877593994], [0.9113603234291077, 0.965887725353241], [0.9223027229309082, 0.9384915232658386], [0.9220793843269348, 0.973432719707489], [0.9288780689239502, 0.9223472476005554], [0.9162313938140869, 0.9730808138847351]]}