{"roc_auc": {"0": [0.6753262738304298, 0.6704765954309816, 0.669657784365711, 0.6680076562783852, 0.6648592816578422, 0.6640758492861074, 0.6580162195677415, 0.6586298342105055, 0.6580298773889669, 0.6589994181439054, 0.6549767784128757, 0.6572400274867767, 0.6567908003549059, 0.6522040761520619, 0.6535244419052233, 0.654207168414429, 0.65815362054031, 0.6514333142891746, 0.6584600164815346, 0.6587552228824782, 0.6583599688272572, 0.6596553226668492, 0.656153819319202, 0.6532973600583436, 0.6563695470737377, 0.6598063814606431, 0.6595717302188675, 0.6573331639544098, 0.6556201769790347, 0.652986850315545, 0.6537462580860883, 0.6545591452770926, 0.6556501254544927, 0.6516635226252505, 0.6538311669505739, 0.6531183274138471, 0.6530265073627175, 0.6511914227566289, 0.6452218030167001, 0.6446137831440765, 0.6376675469105021, 0.6365680100258281, 0.6393408768387048, 0.6356692266579607, 0.6394555696265853, 0.626111055529081, 0.6289186428272414, 0.6349721841192779, 0.6332476784994958, 0.6341793722799545], "1": [0.6037587009360295, 0.6037559083622072, 0.6040078605781661, 0.6047715778042095, 0.6037671820861561, 0.6048071572632776, 0.6035282618813673, 0.6040131354398304, 0.6046462222681905, 0.6055649790556963, 0.604554584475358, 0.6044303666546, 0.6051534364172313, 0.6030599369085173, 0.6040992915136785, 0.6055803899260486, 0.605136784402958, 0.6043743083208357, 0.6074818224129905, 0.6070617986243989, 0.6063390391477479, 0.6077826963851684, 0.6082832910999638, 0.6084998707141749, 0.6084936649945699, 0.6082661219423902, 0.6081039458033821, 0.606704969747117, 0.6062135801830688, 0.6066353622588818, 0.6071879815896984, 0.6083056316905414, 0.6082643636551688, 0.6075442933236799, 0.6088698350312871, 0.6081511092723794, 0.6081634172829291, 0.6084589129647825, 0.6080761234938202, 0.6074906138490975, 0.6070940683663444, 0.6071844650152558, 0.6078724724621193, 0.6073870817603558, 0.6085790970677974, 0.6095362258881936, 0.6087513057868335, 0.6093208874179035, 0.6099018462015825, 0.6106966954543105]}, "pr_auc": {"0": [0.96182960479835, 0.9611681779822163, 0.9610770183074612, 0.9608242214112572, 0.9602489142772453, 0.9602031088191564, 0.9591026735495445, 0.9592320523186252, 0.9589353711917539, 0.9591865354752094, 0.9585803527528645, 0.959110256450757, 0.9589949033041776, 0.9580487769534999, 0.9582260201712609, 0.9584610324301943, 0.959291308541188, 0.9580475081563045, 0.95944847857833, 0.9595401052145636, 0.9594727627752944, 0.9598165162994371, 0.9592529278673805, 0.958769303799847, 0.9593942954628639, 0.9599601637055244, 0.9597949442218806, 0.9593995433557618, 0.9590785453543426, 0.9585858523093707, 0.9587819662218584, 0.9590816062234859, 0.9591564396655896, 0.9582924515684557, 0.9585364628239199, 0.9586382490877728, 0.9582966043964684, 0.9579332113735781, 0.9570241851648111, 0.956800086001357, 0.9550912303821426, 0.9550365699081727, 0.9557006781464727, 0.954756700304663, 0.956242700724679, 0.9530865854873907, 0.9537627436719999, 0.9552169118655405, 0.9551156338912374, 0.9551349648596632], "1": [0.9494729306397555, 0.9495035383658759, 0.9495227857616173, 0.949639787659429, 0.949489634088182, 0.9496268563100053, 0.9494296476748, 0.9494940626007446, 0.9495268387846186, 0.9496596530448035, 0.9495318000162305, 0.949563110412251, 0.9496268084460862, 0.9493511182418907, 0.9494410272907712, 0.9496423424502701, 0.9496412035178005, 0.9494604386287481, 0.9498987274040597, 0.9498387021492817, 0.9497482409944528, 0.9499514513124853, 0.9499664415180109, 0.9499337591943182, 0.9499049618705825, 0.9499679214735756, 0.949940620133815, 0.9497786460329862, 0.9497880944984116, 0.9497318027080942, 0.9497521360570115, 0.9499422631692788, 0.9499362531560182, 0.9498211641076928, 0.9499695114231627, 0.9498477075449886, 0.9498896194532926, 0.949915803953138, 0.94988006129343, 0.9498357551200374, 0.949793796628392, 0.9498008969258643, 0.9498762176180863, 0.949798159390679, 0.9499370817440946, 0.9499850982250742, 0.9499290619852833, 0.9500362879733032, 0.9500442884723972, 0.9501216230186534]}, "loss": {"0": [2.0638507734057834, 2.2252476103015097, 2.3109277153042793, 2.391754418088679, 2.4501535615593313, 2.3462544579911753, 2.2257807896035953, 2.280675415994811, 2.256694252221018, 2.2043760470312472, 2.1727698393726724, 2.1266162247870026, 2.1189131480257495, 2.171948340417199, 2.1215616386317335, 2.106277831969303, 2.08504756879371, 2.0826164700249685, 2.014155130827446, 2.0540122582080382, 2.0339988596770873, 1.9162484061567615, 1.916435271566357, 1.8089870559628223, 1.8374511732024283, 1.7867450169312602, 1.750690117839179, 1.8261013431999844, 1.8083264722985877, 1.776446199354891, 1.8808545874083615, 1.6593965041182845, 1.7275925158279017, 1.7479033777812987, 1.6883869511296097, 1.6246280258110126, 1.6767225006930946, 1.6257006255408828, 1.6723495147116585, 1.7004254764105007, 1.5712301213619968, 1.6409818381870487, 1.4844666522915024, 1.530695186934126, 1.5657983309499799, 1.4460974471092363, 1.4546339453450663, 1.3781642844681465, 1.5233190812216957, 1.4106344903606045], "1": [1.60056784416963, 1.662271619639204, 1.7214742391236568, 1.745419381247254, 1.739348836942381, 1.6656314731412418, 1.5160560943120813, 1.5740461263449903, 1.538123324661836, 1.5091629014911887, 1.4394225747947045, 1.4583925351107687, 1.457864013832776, 1.4318286245443281, 1.4359839052223782, 1.4203719802257535, 1.45982684921506, 1.3765238211597695, 1.433391404333489, 1.471449785729773, 1.4748091355219317, 1.4313878842104089, 1.3913888110008308, 1.3009167714222314, 1.3525499322642063, 1.3798060903789429, 1.34494774700538, 1.4076787522890866, 1.4185047165301368, 1.3271553692094191, 1.39899397337723, 1.308389041992259, 1.3506121313076098, 1.30552108845099, 1.2827933675165963, 1.2189709473997092, 1.2526508565946288, 1.264674322019911, 1.279755396918379, 1.3450801699637809, 1.2529434038730973, 1.3034943064961715, 1.178987429752361, 1.171173255710345, 1.1881413406702812, 1.1282008186166022, 1.164131358749488, 1.0938260905841812, 1.1860042902762664, 1.1004171861984888]}, "accuracy": {"0": [0.0685805422647528, 0.0685805422647528, 0.0685805422647528, 0.0685805422647528, 0.0685805422647528, 0.0685805422647528, 0.0685805422647528, 0.0685805422647528, 0.0685805422647528, 0.0685805422647528, 0.0685805422647528, 0.0685805422647528, 0.0685805422647528, 0.0685805422647528, 0.0685805422647528, 0.0685805422647528, 0.0685805422647528, 0.0685805422647528, 0.0685805422647528, 0.0685805422647528, 0.0685805422647528, 0.0685805422647528, 0.0685805422647528, 0.0685805422647528, 0.0685805422647528, 0.0685805422647528, 0.0685805422647528, 0.0685805422647528, 0.0685805422647528, 0.0685805422647528, 0.0685805422647528, 0.0685805422647528, 0.0685805422647528, 0.0685805422647528, 0.0685805422647528, 0.0685805422647528, 0.0685805422647528, 0.0685805422647528, 0.0685805422647528, 0.0685805422647528, 0.0685805422647528, 0.0685805422647528, 0.0685805422647528, 0.0685805422647528, 0.0685805422647528, 0.0685805422647528, 0.0685805422647528, 0.0685805422647528, 0.0685805422647528, 0.0685805422647528],