{"global_roc_auc": [0.6369443956626868, 0.6359162771368401, 0.635245342359337, 0.634647524240412, 0.6355453344012817, 0.6328499574232267, 0.6315868496281959, 0.6323663859590649, 0.6314456751223065, 0.6321761058473339, 0.6300880359028802, 0.6312093458051671, 0.6302228581919161, 0.6290041678172914, 0.6289886324133022, 0.6282856310150603, 0.6279164441695773, 0.6284243273132201, 0.6275685328210866, 0.6272820195661144, 0.6260829177943459, 0.6255472613054301, 0.6237027260344888, 0.6238366700586673, 0.6247560494575436, 0.6255364321925002, 0.6243278309304602, 0.6246742289657737, 0.6256970380631139, 0.6264385419751228, 0.6237858560486499, 0.625313160918644, 0.6238159807038399, 0.6235923231801893, 0.625404932702391, 0.6252462173698998, 0.6259221495824719, 0.626139605501489, 0.6261067878410989, 0.6241498139738986, 0.6248139113842427, 0.6244283168025914, 0.6263923095650455, 0.6262854531991665, 0.6241623611112223, 0.6254308464603703, 0.6251966680388146, 0.6240745112419325, 0.6256183395749497, 0.6256543200709705], "global_pr_auc": [0.9553522088180318, 0.9551182598807816, 0.9550083535274049, 0.954923200966418, 0.9550365395504841, 0.9546879940167622, 0.9544292909840251, 0.9545787889087066, 0.9543915439799304, 0.9545706907701269, 0.9542359811424985, 0.9543821179623233, 0.9542430521239841, 0.9540207208533042, 0.9539809865961324, 0.9538879109544912, 0.9537886485729771, 0.9538527405738018, 0.9537734846747742, 0.9537146473229807, 0.9534703591996326, 0.9533978083381757, 0.9530493993849524, 0.9530445419349686, 0.9531064865940745, 0.9531944887343903, 0.9530071687088235, 0.9530903432928064, 0.9533019959832529, 0.9534729556725754, 0.9529296901020496, 0.9532836149791915, 0.9528948888081754, 0.9528326097131868, 0.9531876095971147, 0.9531556297481039, 0.953207954351272, 0.9531745220351266, 0.953257462280401, 0.9528822212888087, 0.9530634648526777, 0.9529560429756163, 0.9533783319105623, 0.9533939546434803, 0.9528421891092536, 0.9531487301776256, 0.9530779836817548, 0.9528874548746561, 0.953200977146844, 0.9532275437217518], "global_loss": [1.719996738340199, 2.031027539023677, 2.1252656753525585, 2.1810296804379097, 2.113021588679344, 2.0857305251119365, 2.172722205716786, 2.0805989675968544, 2.1470420411418027, 2.1902671461194045, 2.0800946797051934, 2.2061042438608074, 2.1502061023677825, 2.2074075832470403, 2.077475349799486, 2.1157088620384905, 2.053769464136038, 2.0273352415137262, 2.0369483808373077, 2.0541284499202184, 2.007819720867924, 2.0398328010768347, 1.9783592618792218, 2.009061123904878, 1.9683591974181607, 1.9238715138698301, 2.0031387085446517, 2.0096595536640054, 1.975091788502889, 1.9705236813360862, 1.9076559909023159, 1.9961682140944321, 1.8867956024664199, 1.878505743873285, 1.9652843375587983, 1.9374454551245912, 1.9897384679391847, 1.8462732313001513, 1.85266531843137, 1.964950068654618, 1.8876337990251455, 1.8760507094275465, 1.8511680651032327, 1.8015013683625196, 1.8319106410735337, 1.7486360700573615, 1.7431728518566103, 1.7657519523130187, 1.8410343873961668, 1.8905243968667105], "global_accuracy": [0.0701788640537475, 0.0701788640537475, 0.0701788640537475, 0.0701788640537475, 0.0701788640537475, 0.0701788640537475, 0.0701788640537475, 0.0701788640537475, 0.0701788640537475, 0.0701788640537475, 0.0701788640537475, 0.0701788640537475, 0.0701788640537475, 0.0701788640537475, 0.0701788640537475, 0.0701788640537475, 0.0701788640537475, 0.0701788640537475, 0.0701788640537475, 0.0701788640537475, 0.0701788640537475, 0.0701788640537475, 0.0701788640537475, 0.0701788640537475, 0.0701788640537475, 0.0701788640537475, 0.0701788640537475, 0.0701788640537475, 0.0701788640537475, 0.0701788640537475, 0.0701788640537475, 0.0701788640537475, 0.0701788640537475, 0.0701788640537475, 0.0701788640537475, 0.0701788640537475, 0.0701788640537475, 0.0701788640537475, 0.0701788640537475, 0.0701788640537475, 0.0701788640537475, 0.0701788640537475, 0.0701788640537475, 0.0701788640537475, 0.0701788640537475, 0.0701788640537475, 0.0701788640537475, 0.0701788640537475, 0.0701788640537475, 0.0701788640537475], "global_precision": [0.0, 0.0, 0.0, 0.0, 0.0, 0.0, 0.0, 0.0, 0.0, 0.0, 0.0, 0.0, 0.0, 0.0, 0.0, 0.0, 0.0, 0.0, 0.0, 0.0, 0.0, 0.0, 0.0, 0.0, 0.0, 0.0, 0.0, 0.0, 0.0, 0.0, 0.0, 0.0, 0.0, 0.0, 0.0, 0.0, 0.0, 0.0, 0.0, 0.0, 0.0, 0.0, 0.0, 0.0, 0.0, 0.0, 0.0, 0.0, 0.0, 0.0], "global_recall": [0.0, 0.0, 0.0, 0.0, 0.0, 0.0, 0.0, 0.0, 0.0, 0.0, 0.0, 0.0, 0.0, 0.0, 0.0, 0.0, 0.0, 0.0, 0.0, 0.0, 0.0, 0.0, 0.0, 0.0, 0.0, 0.0, 0.0, 0.0, 0.0, 0.0, 0.0, 0.0, 0.0, 0.0, 0.0, 0.0, 0.0, 0.0, 0.0, 0.0, 0.0, 0.0, 0.0, 0.0, 0.0, 0.0, 0.0, 0.0, 0.0, 0.0], "global_f1": [0.0, 0.0, 0.0, 0.0, 0.0, 0.0, 0.0, 0.0, 0.0, 0.0, 0.0, 0.0, 0.0, 0.0, 0.0, 0.0, 0.0, 0.0, 0.0, 0.0, 0.0, 0.0, 0.0, 0.0, 0.0, 0.0, 0.0, 0.0, 0.0, 0.0, 0.0, 0.0, 0.0, 0.0, 0.0, 0.0, 0.0, 0.0, 0.0, 0.0, 0.0, 0.0, 0.0, 0.0, 0.0, 0.0, 0.0, 0.0, 0.0, 0.0], "update_magnitudes": [[0.9637964367866516, 0.8034824728965759], [0.7589108347892761, 0.6321360468864441], [0.7100603580474854, 0.6105434894561768], [0.704565703868866, 0.6126077175140381], [0.6698787212371826, 0.5983725190162659], [0.6813956499099731, 0.5821439623832703], [0.6599472761154175, 0.6027791500091553], [0.6587908267974854, 0.5720767974853516], [0.6377681493759155, 0.5683709383010864], [0.6462211012840271, 0.5605496168136597], [0.6272079348564148, 0.5804857611656189], [0.6515688896179199, 0.5701509714126587], [0.6281757950782776, 0.5519185066223145], [0.5998566746711731, 0.5705044269561768], [0.6146843433380127, 0.5678447484970093], [0.6111165285110474, 0.5661242604255676], [0.6199991703033447, 0.5627598762512207], [0.6020547151565552, 0.5623758435249329], [0.6094058156013489, 0.5512063503265381], [0.5878027677536011, 0.5573897957801819], [0.6150745153427124, 0.5551793575286865], [0.6047330498695374, 0.5468630790710449], [0.5897738933563232, 0.547394871711731], [0.5912715196609497, 0.544174313545227], [0.5931782722473145, 0.5335335731506348], [0.5898942947387695, 0.5287845730781555], [0.5848205089569092, 0.531992495059967], [0.5792725086212158, 0.5446491241455078], [0.593628466129303, 0.5388236045837402], [0.566741406917572, 0.5363314747810364], [0.5804589986801147, 0.5358583331108093], [0.5937559008598328, 0.5348409414291382], [0.5781247615814209, 0.5398082137107849], [0.5837932229042053, 0.5333912968635559], [0.5735530257225037, 0.5327168703079224], [0.5658616423606873, 0.5143773555755615], [0.582099199295044, 0.5231539607048035], [0.5876521468162537, 0.520808756351471], [0.5607472658157349, 0.534865140914917], [0.5733915567398071, 0.5519222021102905], [0.5816448926925659, 0.5445630550384521], [0.5781199336051941, 0.5386107563972473], [0.564005970954895, 0.5112455487251282], [0.5850324034690857, 0.5368817448616028], [0.5873198509216309, 0.5271299481391907], [0.5610887408256531, 0.5486835241317749], [0.5707480907440186, 0.5333764553070068], [0.5790204405784607, 0.5265016555786133], [0.5763896703720093, 0.5042874217033386], [0.5691729784011841, 0.5298367738723755]]}