{"roc_auc": {"0": [0.6775161326842523, 0.6747328990914093, 0.6730449240296035, 0.6717678354689998, 0.6724084366500886, 0.66683736200664, 0.6653066987170204, 0.6657309139353218, 0.6642443505985746, 0.6653631400746145, 0.661727033139469, 0.6638765767378672, 0.6617079451001662, 0.660334264478607, 0.6603466058833286, 0.6586502386663121, 0.6575107156303397, 0.657694191180536, 0.6571875353786936, 0.6565805028184477, 0.6542743056561151, 0.6539983518465375, 0.6514887683343908, 0.6513479117685003, 0.6521250911618428, 0.6526477085137921, 0.6504440272866813, 0.6512710659550995, 0.6530640252330715, 0.6548716296446465, 0.6502087178366538, 0.6532261090150835, 0.6503640549840846, 0.6496186341388925, 0.652757300187721, 0.6524925359184243, 0.6531344535160168, 0.6520066136765144, 0.6524377400814598, 0.65039219338685, 0.6515452096919849, 0.6508211806149771, 0.6528907519107785, 0.6535642635044587, 0.6493806918558577, 0.6518239608866329, 0.651409289687983, 0.6505602010431284, 0.65266317640771, 0.6524551826001332], "1": [0.6041596938511662, 0.6045498267569944, 0.6047007291720535, 0.6046518074158349, 0.6057574597921085, 0.6053858406164347, 0.6043389357190878, 0.6054055954905104, 0.6049421316646844, 0.6053587423074933, 0.6045215907327921, 0.6048120184103014, 0.6047807829549569, 0.603687335160573, 0.6036492734136629, 0.6037489786419817, 0.6040022754305219, 0.6047723018048301, 0.6036343796866112, 0.6036068676630294, 0.6033023736877489, 0.6025568599058799, 0.6012497284997673, 0.6016057299477686, 0.6026400165485857, 0.6036286911103067, 0.6032241816207271, 0.6031821895847339, 0.6035826653565703, 0.6034626881108754, 0.6024344003723432, 0.6027576149350986, 0.602363344882867, 0.6025613073382634, 0.6033023736877489, 0.6032293530537312, 0.6039327713709468, 0.6052373170605575, 0.6048296012825154, 0.602944200237886, 0.6032132181827584, 0.6031011015152299, 0.604979779696954, 0.6042423333505714, 0.6037842478150696, 0.6041034286600817, 0.6040151005843719, 0.6026722862905312, 0.6037642860836738, 0.603997414283498]}, "pr_auc": {"0": [0.9624370028085665, 0.9619117152233856, 0.961663017424679, 0.9614704574072017, 0.9615730421435758, 0.9608249527540275, 0.9604367378338732, 0.9605976930506955, 0.9602654978784151, 0.9605600609888433, 0.9599545985609782, 0.9602601381046958, 0.959945247994976, 0.9596243258975732, 0.9595546137061559, 0.9593157983315767, 0.9590746168310081, 0.9591159953305234, 0.9590616522031716, 0.958979214738412, 0.9585035072488701, 0.9584444136672976, 0.9578870345316477, 0.9578306867856574, 0.9578499933237543, 0.9578986626506991, 0.957543465390884, 0.957701144734189, 0.958114541701936, 0.9584906454710443, 0.9574717373935819, 0.9581843568968844, 0.9574353072350453, 0.9572508729566865, 0.9579067539116799, 0.9578492844284378, 0.957871125841675, 0.9576429817439102, 0.9578665127175903, 0.9573437693248965, 0.9576691755773787, 0.9574901405360567, 0.9581047424585181, 0.9582670442392309, 0.957165642403493, 0.9577743507049887, 0.9576321676468003, 0.9574169058717392, 0.957927356511248, 0.9579483652734496], "1": [0.9496272171014517, 0.9496286894549759, 0.949630935956842, 0.9496325758699241, 0.9497546042887322, 0.9497289171568314, 0.9495748684702406, 0.9497151081295881, 0.949644992780654, 0.9497308753943385, 0.9496149523031523, 0.9496322809635436, 0.9496352930033435, 0.9494926297748219, 0.9494771197118133, 0.9495018116107615, 0.9495172294559547, 0.9495996754988343, 0.9495002883988611, 0.9494605215311809, 0.9494032358748467, 0.9493198106229743, 0.949140263681124, 0.9491770138655351, 0.9492734130041804, 0.9493931987123797, 0.9493415348225815, 0.9493645045325011, 0.9494131342306129, 0.9494183236577305, 0.9492594093352301, 0.9493234847451474, 0.9492259242739395, 0.9492623548117032, 0.9493742224829194, 0.949362839978733, 0.9494397970567597, 0.9495637050017963, 0.949533038449664, 0.9492769893535044, 0.9493417397350374, 0.9492921861280681, 0.9495590731893694, 0.949456169351897, 0.9493485470457566, 0.9494109165956672, 0.9493978956635992, 0.94922735276391, 0.9493817436240656, 0.9494128012867521]}, "loss": {"0": [1.9386233937762796, 2.330798967274891, 2.461163986933928, 2.539920811862622, 2.4565318139269676, 2.471508109640415, 2.589829382800323, 2.476860806339458, 2.5692424135345022, 2.6064779849368387, 2.505463553560425, 2.638280970576329, 2.5914091265372683, 2.66809212782944, 2.5131650540004937, 2.5686299602104232, 2.5105276518461235, 2.4718052533738626, 2.487950762372199, 2.5073006237108015, 2.4759643541413214, 2.5149890257514733, 2.4606466493831953, 2.4974903263215382, 2.4452630864790907, 2.3838736893768777, 2.503648445712357, 2.501071026727257, 2.4341670895410963, 2.4073146783010984, 2.381631194948891, 2.4529928345947796, 2.3466429796809303, 2.3428691937575326, 2.421442856801771, 2.386682716957016, 2.4496109453477564, 2.2896342322465837, 2.290064747132684, 2.450484138788547, 2.336283164558781, 2.327497600938715, 2.2775939602912016, 2.209226705897662, 2.2917459506443727, 2.1547966053196532, 2.153383290126425, 2.188916850577442, 2.2630799481432144, 2.3244011054717233], "1": [1.5433316450336905, 1.7887919925986917, 1.8538371688941102, 1.891021423697402, 1.8354421422295775, 1.7739961996229336, 1.835671454922945, 1.7603926570916917, 1.805875644784401, 1.8539406971409087, 1.736367920315189, 1.8568762798789795, 1.7936842808335165, 1.835143378357756, 1.7254086629088747, 1.7497180458252095, 1.6846780206002054, 1.6681734734274312, 1.672508017166218, 1.6879347476612845, 1.6295272608144142, 1.6558745019395378, 1.5886385018740332, 1.6143773629222617, 1.5829886675020652, 1.552158709248396, 1.598693060134682, 1.612565916717297, 1.6041279610095838, 1.6175670755628822, 1.5246520361428242, 1.6270230883803365, 1.515207885313118, 1.503268735200673, 1.5966774666176669, 1.5744314273058775, 1.6181304681350002, 1.488007618882325, 1.4992170587505034, 1.5726057699568872, 1.5250948310945909, 1.5112511516944247, 1.506587161135101, 1.4720317771299303, 1.4603326753907966, 1.4204309446740444, 1.4116951315041237, 1.423806153952761, 1.4999930892971154, 1.5399227327817213]}, "accuracy": {"0": [0.0685805422647528, 0.0685805422647528, 0.0685805422647528, 0.0685805422647528, 0.0685805422647528, 0.0685805422647528, 0.0685805422647528, 0.0685805422647528, 0.0685805422647528, 0.0685805422647528, 0.0685805422647528, 0.0685805422647528, 0.0685805422647528, 0.0685805422647528, 0.0685805422647528, 0.0685805422647528, 0.0685805422647528, 0.0685805422647528, 0.0685805422647528, 0.0685805422647528, 0.0685805422647528, 0.0685805422647528, 0.0685805422647528, 0.0685805422647528, 0.0685805422647528, 0.0685805422647528, 0.0685805422647528, 0.0685805422647528, 0.0685805422647528, 0.0685805422647528, 0.0685805422647528, 0.0685805422647528, 0.0685805422647528, 0.0685805422647528, 0.0685805422647528, 0.0685805422647528, 0.0685805422647528, 0.0685805422647528, 0.0685805422647528, 0.0685805422647528, 0.0685805422647528, 0.0685805422647528, 0.0685805422647528, 0.0685805422647528, 0.0685805422647528, 0.0685805422647528, 0.0685805422647528, 0.0685805422647528, 0.0685805422647528, 0.0685805422647528],