{"zero_shot_auc": [], "average_client_train_loss": [0.08585873903251533, 0.08273482796006831, 0.08555972202505796, 0.08195117878294382, 0.08249034450615755, 0.08381686133126812, 0.08299005339121067, 0.08565391705574413, 0.08438522579976852, 0.083011276659047, 0.08293172657432236, 0.08497788301275161, 0.08199131198868591, 0.08423061123976322, 0.08698027567506976, 0.0824108758581519, 0.08444932174639, 0.0863495479494722, 0.08637291432381436, 0.0814752006467267, 0.0867634647207543, 0.08346612018658064, 0.0826492697297054, 0.08291951664108199, 0.0809872167003025, 0.08275656262768517, 0.08555935486099739, 0.08470298253025736, 0.08403565022501214, 0.08487068751643148, 0.08684279449167187, 0.08447587135891008, 0.08500521878676395, 0.0848028894658801, 0.08667473963471901, 0.08370847988974213, 0.08346490674828375, 0.08508532896299519, 0.08447174016879481, 0.08436127236280994, 0.08426450824979295, 0.08616218024907193, 0.08759469726393689, 0.0819635814007968, 0.0852019122046488, 0.08287855735138633, 0.0838494802173632, 0.08388968265699123, 0.08306717835852594, 0.08365894591357981], "personalized_auc": [[0.6939677188344975, 0.6922511117137373, 0.7303587366614098, 0.6617708039882154, 0.6847880174504171, 0.6892644917710804, 0.6751248621053711, 0.6941949652334402, 0.7085940935024314, 0.7250993236252004, 0.729408942154026, 0.7018444969840898, 0.7211711367783076, 0.7138719363696919, 0.6810951400535519, 0.6974920949188955, 0.6672842854096293, 0.7037794646923929, 0.6941602447481563, 0.7350952032415441, 0.6512440794167749, 0.7298328282682015, 0.7108589880969619, 0.6852954960125743, 0.71531012139993, 0.7573553126620838, 0.7270420252804626, 0.7112667481089676, 0.7150832041051132, 0.7092973890195067, 0.651872668297268, 0.7093625516364374, 0.6598006221384396, 0.7173334535660407, 0.675845271036994, 0.6724691563613194, 0.7122891100761153, 0.725568297004626, 0.7795930430020616, 0.7228357454471734, 0.7185050642542895, 0.6899019664629732, 0.6948862484499195, 0.679886011494949, 0.6948531734852654, 0.7040373177750454, 0.6630424623307418, 0.7158333969601309, 0.6806709248352505, 0.7194308341604817], [0.6583722397476341, 0.6378186895588769, 0.6769983968557687, 0.6285621347675441, 0.6766805605833377, 0.6495640481977556, 0.6323265242798779, 0.6321267001086002, 0.706625329678854, 0.6512526245022496, 0.6367182086156074, 0.6313763251797073, 0.6332129078967781, 0.6316524797021255, 0.633939183947872, 0.6425863370740033, 0.6499697988312562, 0.6268655944562238, 0.6183351088586648, 0.641515229870197, 0.6504163003568288, 0.6558335832859286, 0.712764337798004, 0.6465921290789678, 0.6519842788436676, 0.6203236282773956, 0.6449177225009051, 0.6414910275637379, 0.6417510472151833, 0.6254716864043026, 0.6236697522883591, 0.6773360914309355, 0.6299175673579149, 0.6239667994001139, 0.6254677561152195, 0.6512534519315303, 0.6840981537984175, 0.7424044060609195, 0.6357420489217562, 0.6298048301184258, 0.6399406319491131, 0.6829997414283498, 0.6407751978073124, 0.6325714433469515, 0.6470639706262604, 0.6737023323162847, 0.6441087035217459, 0.6434815121270103, 0.6586137456689248, 0.6448071572632778]], "personalized_balanced_accuracy": [[0.5, 0.5, 0.5, 0.5, 0.5, 0.5, 0.5, 0.5, 0.5, 0.5, 0.5, 0.5, 0.5, 0.5, 0.5, 0.5, 0.5, 0.5, 0.5, 0.5, 0.5, 0.5, 0.5, 0.5, 0.5, 0.5, 0.527475093399751, 0.5, 0.5, 0.5, 0.5, 0.5, 0.5, 0.5, 0.5, 0.5, 0.5, 0.5, 0.5, 0.5, 0.5003113325031133, 0.5, 0.5, 0.5, 0.5, 0.5, 0.5, 0.5, 0.5, 0.5], [0.5, 0.5, 0.5042922893933909, 0.5, 0.5, 0.5, 0.5, 0.5, 0.5470724517763872, 0.5, 0.5, 0.5, 0.5, 0.5, 0.5, 0.5, 0.5, 0.5, 0.5, 0.5, 0.5, 0.5, 0.5015141955835962, 0.5, 0.5, 0.5, 0.5, 0.5, 0.5, 0.5, 0.5, 0.5, 0.5, 0.5, 0.5000630914826498, 0.5, 0.5, 0.5597590112220097, 0.5, 0.5, 0.5, 0.5, 0.5, 0.5, 0.5, 0.5022718105186947, 0.5, 0.5, 0.5, 0.5]], "personalized_pr_auc": [[0.9667952658225514, 0.9677586098211136, 0.9707963863304475, 0.9625893733052856, 0.9642107481158992, 0.9671584239730399, 0.9630091478556834, 0.9660880874600952, 0.9698170497796561, 0.9715978018396586, 0.9724476471155864, 0.9683076719416688, 0.9690513304314821, 0.9677537420621258, 0.9643660078087994, 0.9674432041776228, 0.9612507700277788, 0.9667819598539559, 0.9658558512377553, 0.9706652882496919, 0.9600539446934818, 0.9711476646658356, 0.9681980647857629, 0.9662496126286213, 0.9715423257618226, 0.9745622687261791, 0.9730321992808264, 0.9697481331606947, 0.9700269739197713, 0.9699079478408997, 0.9598733792209718, 0.9669950536058725, 0.9605978486581276, 0.9698306187062646, 0.9632952609691002, 0.9617805173754935, 0.968643109942594, 0.9702961518522555, 0.9767057270910892, 0.9702646526436112, 0.9716463039097716, 0.9658728091857539, 0.9667522580676629, 0.9644174978766982, 0.9664227714636122, 0.9685074970850691, 0.9610777567833506, 0.971131875999337, 0.9634886206458733, 0.9707830697281877], [0.9577317419324807, 0.9547437663969432, 0.9607752244462774, 0.9530597708878429, 0.9601149612031282, 0.9563591645479523, 0.9539189234531368, 0.9537184287689404, 0.9657151996924815, 0.9572419930668746, 0.9546625270828166, 0.9539080618611181, 0.9536886562239894, 0.9539477583958526, 0.9541340750072049, 0.9552887179143734, 0.9569254581663783, 0.9531452000367608, 0.9517761137761244, 0.9554645834152558, 0.9561696987802636, 0.9573016739993462, 0.9664842852300853, 0.9563108090842181, 0.9562822481075223, 0.9516775458069753, 0.956196374091629, 0.9552598055745303, 0.9557217573507167, 0.95309138605672, 0.9526874362217446, 0.9607193988892873, 0.9536358489374019, 0.9529173343349319, 0.9530862211397066, 0.9564452510091802, 0.961323041459718, 0.9698946103570882, 0.9545318617113303, 0.9535390075446181, 0.9552143266289851, 0.9611513923947288, 0.9549819790895084, 0.9541180983601195, 0.9560901238955577, 0.9600075684573424, 0.9558237864339098, 0.9557539220141562, 0.95746949490893, 0.9558383462961518]], "per_client_accuracy": [[0.0685805422647528, 0.0685805422647528, 0.0685805422647528, 0.0685805422647528, 0.0685805422647528, 0.0685805422647528, 0.0685805422647528, 0.0685805422647528, 0.0685805422647528, 0.0685805422647528, 0.0685805422647528, 0.0685805422647528, 0.0685805422647528, 0.0685805422647528, 0.0685805422647528, 0.0685805422647528, 0.0685805422647528, 0.0685805422647528, 0.0685805422647528, 0.0685805422647528, 0.0685805422647528, 0.0685805422647528, 0.0685805422647528, 0.0685805422647528, 0.0685805422647528, 0.0685805422647528, 0.11976221545599536, 0.0685805422647528, 0.0685805422647528, 0.0685805422647528, 0.0685805422647528, 0.0685805422647528, 0.0685805422647528, 0.0685805422647528, 0.0685805422647528, 0.0685805422647528, 0.0685805422647528, 0.0685805422647528, 0.0685805422647528, 0.0685805422647528, 0.06916050456720313, 0.0685805422647528, 0.0685805422647528, 0.0685805422647528, 0.0685805422647528, 0.0685805422647528, 0.0685805422647528, 0.0685805422647528, 0.0685805422647528, 0.0685805422647528], [0.07147041593438781, 0.07147041593438781, 0.08506151142355009, 0.07147041593438781, 0.07147041593438781, 0.07147041593438781, 0.07147041593438781, 0.07147041593438781, 0.1757469244288225, 0.07147041593438781, 0.07147041593438781, 0.07147041593438781, 0.07147041593438781, 0.07147041593438781, 0.07147041593438781, 0.07147041593438781, 0.07147041593438781, 0.07147041593438781, 0.07147041593438781, 0.07147041593438781, 0.07147041593438781, 0.07147041593438781, 0.07428236672524897, 0.07147041593438781, 0.07147041593438781, 0.07147041593438781, 0.07147041593438781, 0.07147041593438781, 0.07147041593438781, 0.07147041593438781, 0.07147041593438781, 0.07147041593438781, 0.07147041593438781, 0.07147041593438781, 0.0715875805506737, 0.07147041593438781, 0.07147041593438781, 0.2133567662565905, 0.07147041593438781, 0.07147041593438781, 0.07147041593438781, 0.07147041593438781, 0.07147041593438781, 0.07147041593438781, 0.07147041593438781, 0.07709431751611014, 0.07147041593438781, 0.07147041593438781, 0.07147041593438781, 0.07147041593438781]],