{"global_roc_auc": [0.6359987322551633, 0.6334453688679402, 0.6296094137261092, 0.6276341570140131, 0.6261349797711291, 0.6267878110624172, 0.6250326332847687, 0.6249690672316425, 0.6232035220763923, 0.6228591100042223, 0.6215474833921456, 0.6223322600542189, 0.6212592641097956, 0.620920011379374, 0.6216480099937725, 0.6229939464911431, 0.6253978139162946, 0.6250001351851306, 0.6242688653763274, 0.6253136939847723, 0.6255146644788849, 0.6263063212159501, 0.6267235822829069, 0.6259229794678034, 0.6268664478446653, 0.6284779384148, 0.626687387569637, 0.6284084747707205, 0.6284674903797944, 0.6276049614639023, 0.6286847163201154, 0.6280281915096981, 0.6291453787627914, 0.6266675632616313, 0.626582990969154, 0.6273071812882872, 0.6252053161523627, 0.6262549050867798, 0.6261714764265438, 0.6264610478552278, 0.6248950778715545, 0.6257870076161808, 0.6242280992355943, 0.624054662226863, 0.6245568900185745, 0.6237217030564375, 0.6235693384879245, 0.6237147053659676, 0.6252350893219543, 0.6262743885593487], "global_pr_auc": [0.9550651548554365, 0.9547075215827691, 0.9540817439474629, 0.9537806885279272, 0.9534444165609108, 0.9536490526124721, 0.9533172246603632, 0.953320898984353, 0.9529744779625934, 0.9529718311869667, 0.9526256188067236, 0.9527031917541564, 0.9524655708566839, 0.9523934427684454, 0.9525868974944983, 0.9527577872420868, 0.9531717549837346, 0.9531609791491549, 0.952976480435354, 0.9530836327649453, 0.9532636904521636, 0.9534479518825216, 0.9533334810368214, 0.9529493546775109, 0.9532778627544061, 0.9537263138272037, 0.9531757678605716, 0.9535860452335928, 0.9535395663588054, 0.9534225457729653, 0.953670726141218, 0.9534777996774547, 0.9536890323159829, 0.9532750847430463, 0.9533120893661239, 0.9533585515656525, 0.9529860705996178, 0.9531534724257485, 0.9531829355485224, 0.9533132392728704, 0.9529664718824696, 0.9529681688288727, 0.9525433453427941, 0.9524585689373142, 0.9527745577840355, 0.9525144000456383, 0.9523014855032139, 0.9523157525611272, 0.9526955888056672, 0.9530231060453103], "global_loss": [1.6226681444313418, 1.9400711258978878, 1.9208772359875457, 1.8257024456365794, 1.7509871714918048, 1.7627752165023942, 1.6526566833226486, 1.6619440490441433, 1.7316909737632737, 1.7222610416626773, 1.6114248731352836, 1.6223783156886982, 1.5584124146791345, 1.5944104141740427, 1.5241842009012345, 1.5001016989882816, 1.518359215135992, 1.5564872246150119, 1.6117914410735266, 1.5148449561612176, 1.4883895050494909, 1.5454615058057952, 1.5015640795446157, 1.4767604542122443, 1.4595680660280954, 1.5484053838352696, 1.4251852998564525, 1.4509565428948115, 1.4618604240583468, 1.4505672605615, 1.3793836048223587, 1.4192111306010402, 1.382688871951183, 1.3625009172330058, 1.4433051112648418, 1.432608969161518, 1.4742629856321368, 1.3810726510184959, 1.3766448299751477, 1.4046101833009044, 1.356954434279546, 1.3565710368675437, 1.348460873166711, 1.3306170602060212, 1.3005405612862988, 1.2858946950181125, 1.247779782651664, 1.2515414654517714, 1.2529161405273332, 1.232293440740508], "global_accuracy": [0.0701788640537475, 0.0701788640537475, 0.0701788640537475, 0.0701788640537475, 0.0701788640537475, 0.0701788640537475, 0.0701788640537475, 0.0701788640537475, 0.0701788640537475, 0.0701788640537475, 0.0701788640537475, 0.0701788640537475, 0.0701788640537475, 0.0701788640537475, 0.0701788640537475, 0.0701788640537475, 0.0701788640537475, 0.0701788640537475, 0.0701788640537475, 0.0701788640537475, 0.0701788640537475, 0.0701788640537475, 0.0701788640537475, 0.0701788640537475, 0.0701788640537475, 0.0701788640537475, 0.0701788640537475, 0.0701788640537475, 0.0701788640537475, 0.0701788640537475, 0.0701788640537475, 0.0701788640537475, 0.0701788640537475, 0.0701788640537475, 0.0701788640537475, 0.0701788640537475, 0.0701788640537475, 0.0701788640537475, 0.0701788640537475, 0.0701788640537475, 0.0701788640537475, 0.0701788640537475, 0.0701788640537475, 0.0701788640537475, 0.0701788640537475, 0.0701788640537475, 0.0701788640537475, 0.0701788640537475, 0.0701788640537475, 0.0701788640537475], "global_precision": [0.0, 0.0, 0.0, 0.0, 0.0, 0.0, 0.0, 0.0, 0.0, 0.0, 0.0, 0.0, 0.0, 0.0, 0.0, 0.0, 0.0, 0.0, 0.0, 0.0, 0.0, 0.0, 0.0, 0.0, 0.0, 0.0, 0.0, 0.0, 0.0, 0.0, 0.0, 0.0, 0.0, 0.0, 0.0, 0.0, 0.0, 0.0, 0.0, 0.0, 0.0, 0.0, 0.0, 0.0, 0.0, 0.0, 0.0, 0.0, 0.0, 0.0], "global_recall": [0.0, 0.0, 0.0, 0.0, 0.0, 0.0, 0.0, 0.0, 0.0, 0.0, 0.0, 0.0, 0.0, 0.0, 0.0, 0.0, 0.0, 0.0, 0.0, 0.0, 0.0, 0.0, 0.0, 0.0, 0.0, 0.0, 0.0, 0.0, 0.0, 0.0, 0.0, 0.0, 0.0, 0.0, 0.0, 0.0, 0.0, 0.0, 0.0, 0.0, 0.0, 0.0, 0.0, 0.0, 0.0, 0.0, 0.0, 0.0, 0.0, 0.0], "global_f1": [0.0, 0.0, 0.0, 0.0, 0.0, 0.0, 0.0, 0.0, 0.0, 0.0, 0.0, 0.0, 0.0, 0.0, 0.0, 0.0, 0.0, 0.0, 0.0, 0.0, 0.0, 0.0, 0.0, 0.0, 0.0, 0.0, 0.0, 0.0, 0.0, 0.0, 0.0, 0.0, 0.0, 0.0, 0.0, 0.0, 0.0, 0.0, 0.0, 0.0, 0.0, 0.0, 0.0, 0.0, 0.0, 0.0, 0.0, 0.0, 0.0, 0.0], "update_magnitudes": [[1.4381767511367798, 1.347183346748352], [1.0825051069259644, 0.9831855893135071], [1.0672856569290161, 0.9716562032699585], [1.0308828353881836, 0.9636383652687073], [1.0134552717208862, 0.9405705332756042], [1.0004510879516602, 0.9518102407455444], [0.9885039925575256, 0.9688534736633301], [1.010063648223877, 0.9750252366065979], [0.9852553009986877, 0.9845916628837585], [0.9904060363769531, 0.9583843946456909], [1.0062212944030762, 0.9697428345680237], [0.9666615128517151, 0.9478829503059387], [0.9889507293701172, 0.9708429574966431], [0.9947462677955627, 0.9450034499168396], [0.957239031791687, 0.9796131253242493], [0.977873682975769, 0.9777340292930603], [0.9791954159736633, 0.946689784526825], [0.965880274772644, 0.9710654020309448], [0.9753510355949402, 0.9425411820411682], [0.9578886032104492, 0.9283323884010315], [0.9277119636535645, 0.9387449026107788], [0.9344750046730042, 0.9091782569885254], [0.9352065324783325, 0.9222080707550049], [0.9507994651794434, 0.9215795397758484], [0.9120125770568848, 0.9065601825714111], [0.9315977096557617, 0.9307172894477844], [0.9087206721305847, 0.9388396143913269], [0.916334867477417, 0.9291026592254639], [0.9068161249160767, 0.9362415075302124], [0.9466889500617981, 0.9003971815109253], [0.9178669452667236, 0.9387869238853455], [0.9129526615142822, 0.9281293749809265], [0.917824387550354, 0.9434776306152344], [0.9437388181686401, 0.9189621210098267], [0.9199868440628052, 0.8982670307159424], [0.8787352442741394, 0.9298992156982422], [0.911630392074585, 0.9059910774230957], [0.9121163487434387, 0.925382673740387], [0.8929877877235413, 0.9185154438018799], [0.9208746552467346, 0.8980507850646973], [0.9077832698822021, 0.9230334162712097], [0.9240233898162842, 0.9138364195823669], [0.9147665500640869, 0.921574056148529], [0.8919852375984192, 0.9496778845787048], [0.9132865071296692, 0.9049859046936035], [0.9177289009094238, 0.934019923210144], [0.9126772880554199, 0.902526319026947], [0.9053279161453247, 0.9363052845001221], [0.9242212176322937, 0.9428123831748962], [0.8984422087669373, 0.928393542766571]]}