{"roc_auc": {"0": [0.6754348781919809, 0.6705387961107792, 0.6632428867434226, 0.6591787798925278, 0.6557106806136608, 0.6565462759893528, 0.6532065273195917, 0.6519417801637095, 0.6489821467593775, 0.6495353707950365, 0.6473593343145025, 0.6486481060715762, 0.6471597326621363, 0.6469410429704674, 0.6482018408768387, 0.6488844028339815, 0.6523232118456422, 0.6519977278651147, 0.6498812592313707, 0.6499411561822868, 0.6502691084437587, 0.6518098094092186, 0.6523031364939615, 0.6497752877028269, 0.65222678433675, 0.655999304932086, 0.6520987628317698, 0.6560463668220916, 0.6558877386334017, 0.6540157943652107, 0.6554852442874106, 0.6530274946750954, 0.6555198002206315, 0.6504558750352142, 0.6516182708079374, 0.6526523159715549, 0.6485788296530717, 0.6496735945279197, 0.6494636260955876, 0.6500184956518762, 0.6466353052374947, 0.6478717494385484, 0.6442295540770735, 0.6440752042420206, 0.6449604943407254, 0.6431323209212809, 0.6421433630229135, 0.6425093268109283, 0.6457358636613755, 0.6477865114699369], "1": [0.604131664684284, 0.6034713761183224, 0.6024312975125408, 0.6021439726948337, 0.6022358173449863, 0.6027409629208254, 0.6022662253710503, 0.6031732947199668, 0.6023726534622744, 0.6013028908310494, 0.600689765734085, 0.6010672803433832, 0.6003299374256607, 0.5998932616227957, 0.6001907224491907, 0.6020727103480374, 0.6036402751202359, 0.6031842581579355, 0.6035723224905621, 0.6054130423540363, 0.605511403009774, 0.6056977814552412, 0.6060535760459222, 0.6066487045560325, 0.6063735843202152, 0.6062388167761286, 0.6061532812742411, 0.6060751926358794, 0.6063100791229249, 0.606263225939908, 0.6070280808812122, 0.6078270672803434, 0.6078330661426281, 0.6074450018100015, 0.6063527951595387, 0.606826601851373, 0.6063179397010912, 0.6073310234265915, 0.6073498474427264, 0.6074250400786058, 0.6073275068521488, 0.6079410456637535, 0.6080655737704918, 0.6078767130371826, 0.6080694006309149, 0.608036613745669, 0.6085602730516626, 0.6085273827377566, 0.6086690800020687, 0.608891141335264]}, "pr_auc": {"0": [0.9618796924655839, 0.9611447357278637, 0.9599531165032499, 0.9593039289258976, 0.9585839878844309, 0.9589277609625309, 0.9582932360698645, 0.9581815508555361, 0.9575453826401309, 0.9576859000253999, 0.9570215971451861, 0.9571869492607363, 0.9567818541201725, 0.956690608372143, 0.9570200691271292, 0.9571496002349297, 0.9578022962676835, 0.9578686910647078, 0.9574721051517473, 0.9575101447678471, 0.9577740643378068, 0.9581082200928497, 0.9578636692159246, 0.9570333531870137, 0.9577428938504897, 0.9586740812907489, 0.9575983283059109, 0.9584717962038993, 0.9583560600362888, 0.9581623643557262, 0.958584673140263, 0.9580933038885635, 0.9585986183690839, 0.9577774860660162, 0.957994670118852, 0.9580546274588253, 0.9573560548936202, 0.9577378611933116, 0.9576652294749937, 0.9580043423869447, 0.9573806726712673, 0.9573498695933986, 0.9564177409046116, 0.9562998828152484, 0.9568581568120594, 0.9563941630912379, 0.9559442587263468, 0.95591932812424, 0.9566819238960529, 0.9573467034649108], "1": [0.9495585485345555, 0.9495058180882487, 0.9493372786473081, 0.9493175375076849, 0.9492912960477053, 0.9493834999910826, 0.949296271596793, 0.9493931642136766, 0.9492808784802174, 0.9491625454000441, 0.9490733716125798, 0.9490800130677162, 0.9489777226619589, 0.9489210429331346, 0.9490045956083889, 0.9492089059283344, 0.9494299650983394, 0.9493568301849656, 0.9493437122424341, 0.9495067123091335, 0.9496190039350277, 0.94968214063426, 0.9496727832332488, 0.949649208241543, 0.9496698162715439, 0.9497281837782278, 0.9496020405299719, 0.9496380286968172, 0.9496475143889962, 0.9495924524547047, 0.9496999253101941, 0.9497481607618079, 0.949721755423614, 0.9496368405946407, 0.9495282480776683, 0.9495638052928936, 0.9494548283478075, 0.9494489768885535, 0.9495609395335912, 0.9495225113412495, 0.9493994997185717, 0.9494274588781022, 0.9494125722352351, 0.9493545280631068, 0.9494747341560645, 0.9493792896489173, 0.9493578788781406, 0.9494038202909084, 0.9494743610039188, 0.9495293475187941]}, "loss": {"0": [1.8496162765213109, 2.2577121220793743, 2.2990289184517216, 2.2151626115676994, 2.1547007107883323, 2.158102321196107, 2.0438693880222494, 2.0606312684707233, 2.1665709966919775, 2.1503003056678147, 2.0320237004724087, 2.0291571321911928, 1.9577458323439567, 2.0126747683336617, 1.9168794567522423, 1.8823490339171045, 1.8789779156450779, 1.9271165312105665, 2.013132178024639, 1.8939097801187479, 1.8523269903319322, 1.9122567129114392, 1.8617928432903204, 1.8513629764547481, 1.8071639127483814, 1.8893507439899708, 1.7631408516628182, 1.7739109483442048, 1.7860987606438516, 1.7757786367360242, 1.6709882745332125, 1.7361491467272767, 1.6693204470746876, 1.6768873827827655, 1.762973906528229, 1.7488768905146288, 1.8267483373163265, 1.6965549253840126, 1.692703132026521, 1.7152371776437558, 1.6721908295000742, 1.669456080386513, 1.6823495856848285, 1.6568399224399535, 1.6009904480644184, 1.599457520513547, 1.5656119235031705, 1.5759071924210424, 1.5500638479769566, 1.5095988955725201], "1": [1.4392787363491495, 1.6833957625189648, 1.6153051540595995, 1.510992345826697, 1.4247593840033113, 1.4433242341965071, 1.3365304139041734, 1.3397778672507163, 1.3802785639882995, 1.3763764267995753, 1.271552633275466, 1.2936735773337955, 1.235724061095512, 1.2564245862016639, 1.2068599300909686, 1.1912200534420538, 1.226954965976923, 1.2569937300947442, 1.2874810380270834, 1.208534994276211, 1.1943034537996404, 1.249066222447293, 1.2104749256082634, 1.1740563332859926, 1.178687161678589, 1.272898521490382, 1.1520944044474069, 1.1899875862108173, 1.1998539643603316, 1.1877745192024396, 1.1437473504949747, 1.1631038225528156, 1.1510712136982055, 1.1084554342617399, 1.1849911493660068, 1.177043142916518, 1.189431031265661, 1.1261416805649473, 1.121248390273735, 1.1536026068018694, 1.1022221507702086, 1.1037388042322571, 1.0786562583847359, 1.0670069698429834, 1.0577567745805416, 1.032514768800473, 0.9909499614784854, 0.9894320657257456, 1.0128007375921642, 1.0082119171285602]}, "accuracy": {"0": [0.0685805422647528, 0.0685805422647528, 0.0685805422647528, 0.0685805422647528, 0.0685805422647528, 0.0685805422647528, 0.0685805422647528, 0.0685805422647528, 0.0685805422647528, 0.0685805422647528, 0.0685805422647528, 0.0685805422647528, 0.0685805422647528, 0.0685805422647528, 0.0685805422647528, 0.0685805422647528, 0.0685805422647528, 0.0685805422647528, 0.0685805422647528, 0.0685805422647528, 0.0685805422647528, 0.0685805422647528, 0.0685805422647528, 0.0685805422647528, 0.0685805422647528, 0.0685805422647528, 0.0685805422647528, 0.0685805422647528, 0.0685805422647528, 0.0685805422647528, 0.0685805422647528, 0.0685805422647528, 0.0685805422647528, 0.0685805422647528, 0.0685805422647528, 0.0685805422647528, 0.0685805422647528, 0.0685805422647528, 0.0685805422647528, 0.0685805422647528, 0.0685805422647528, 0.0685805422647528, 0.0685805422647528, 0.0685805422647528, 0.0685805422647528, 0.0685805422647528, 0.0685805422647528, 0.0685805422647528, 0.0685805422647528, 0.0685805422647528],