{"global_roc_auc": [0.6353687255495443, 0.6333898029299748, 0.6332772200503102, 0.6319649313899341, 0.630296053623933, 0.6319786039035771, 0.6296269734331247, 0.6304735805927042, 0.6300980582413672, 0.6293062873002306, 0.6283095753507911, 0.6280354614066713, 0.6287872811465202, 0.6266053890671995, 0.6271480172986875, 0.6259846620211607, 0.6269846322335842, 0.6235181549379385, 0.6248852087283028, 0.6240340912890932, 0.6243182950786432, 0.6246345272329392, 0.6246981942115164, 0.6240185143272247, 0.6253200956087702, 0.6266550962212961, 0.6277034379159684, 0.62829556147625, 0.6268662763049528, 0.6263352536589718, 0.6270547875520763, 0.6278289949541916, 0.6279785037824414, 0.6278252277694094, 0.6278366695176697, 0.6287409574766467, 0.6290500000546559, 0.6313320148357395, 0.6295766703185846, 0.6313212812899714, 0.6319138586221387, 0.6315066159113639, 0.6315451719252664, 0.6299116752135279, 0.6291448833887486, 0.6308413703237332, 0.6305768165878025, 0.6287058086648661, 0.6290014016392785, 0.6328176220598183], "global_pr_auc": [0.9550246835897113, 0.9546878899849203, 0.9546707522250096, 0.9544789589475821, 0.9542109059522024, 0.9545111701330863, 0.954127761252929, 0.9542792901872355, 0.9541669950541967, 0.9540334806948725, 0.9538253122782018, 0.9538370990755969, 0.9539808309960341, 0.9535114293193723, 0.9535837379753018, 0.953354835011691, 0.9535673030452964, 0.952956049077093, 0.9532389284998553, 0.953085869266001, 0.9531325565178699, 0.9532409576410925, 0.9532199911711402, 0.9531006888623211, 0.9533914878656301, 0.9536096633616984, 0.9537891568164907, 0.9539092953551092, 0.9537207695825001, 0.9535913413660967, 0.9537150197267011, 0.9538825893918093, 0.9539183828991622, 0.95388636089272, 0.9538615035013169, 0.9540477819568172, 0.9540540852182336, 0.9544425335681485, 0.9541782555139503, 0.9544793018069827, 0.9545730221247817, 0.9545400023835612, 0.9545576607364837, 0.9543001664201983, 0.9541828720870277, 0.9544025334209453, 0.9543536338652163, 0.9541001512548697, 0.9541741074542277, 0.9547629630431577], "global_loss": [1.6782590292981212, 1.8971307767023178, 1.9938777764612123, 2.0889200482713863, 2.1456429739381755, 2.058971817885042, 1.9515772206020026, 2.087839150514742, 2.0758507177872296, 2.0548340547425954, 2.0306296070160235, 1.9662872869032515, 1.9873751905032604, 2.040512253244786, 1.9861627169300529, 1.9369364939148197, 1.9211091951115806, 1.8608143491359186, 1.9011456159634599, 1.9500360859870474, 2.0173392507037216, 1.9131599425030992, 1.9387240539990822, 1.8599339886103279, 1.8612862336226805, 1.865676409239283, 1.8458606845850212, 1.908679855862758, 1.8777663124894446, 1.8322933667700159, 1.9903353198741682, 1.7790643031831714, 1.85669622455411, 1.8477512676541854, 1.8805825293902123, 1.7518861795867948, 1.7871227750630823, 1.7276947545333579, 1.8080517715581879, 1.9298081351242666, 1.7574834991490689, 1.8706133415943258, 1.7270915544035168, 1.7253307172154626, 1.7766842138728653, 1.6890341515003522, 1.7273963521078592, 1.572599282692602, 1.7410752280056823, 1.6827750528482135], "global_accuracy": [0.0701788640537475, 0.0701788640537475, 0.0701788640537475, 0.0701788640537475, 0.0701788640537475, 0.0701788640537475, 0.0701788640537475, 0.0701788640537475, 0.0701788640537475, 0.0701788640537475, 0.0701788640537475, 0.0701788640537475, 0.0701788640537475, 0.0701788640537475, 0.0701788640537475, 0.0701788640537475, 0.0701788640537475, 0.0701788640537475, 0.0701788640537475, 0.0701788640537475, 0.0701788640537475, 0.0701788640537475, 0.0701788640537475, 0.0701788640537475, 0.0701788640537475, 0.0701788640537475, 0.0701788640537475, 0.0701788640537475, 0.0701788640537475, 0.0701788640537475, 0.0701788640537475, 0.0701788640537475, 0.0701788640537475, 0.0701788640537475, 0.0701788640537475, 0.0701788640537475, 0.0701788640537475, 0.0701788640537475, 0.0701788640537475, 0.0701788640537475, 0.0701788640537475, 0.0701788640537475, 0.0701788640537475, 0.0701788640537475, 0.0701788640537475, 0.0701788640537475, 0.0701788640537475, 0.0701788640537475, 0.0701788640537475, 0.0701788640537475], "global_precision": [0.0, 0.0, 0.0, 0.0, 0.0, 0.0, 0.0, 0.0, 0.0, 0.0, 0.0, 0.0, 0.0, 0.0, 0.0, 0.0, 0.0, 0.0, 0.0, 0.0, 0.0, 0.0, 0.0, 0.0, 0.0, 0.0, 0.0, 0.0, 0.0, 0.0, 0.0, 0.0, 0.0, 0.0, 0.0, 0.0, 0.0, 0.0, 0.0, 0.0, 0.0, 0.0, 0.0, 0.0, 0.0, 0.0, 0.0, 0.0, 0.0, 0.0], "global_recall": [0.0, 0.0, 0.0, 0.0, 0.0, 0.0, 0.0, 0.0, 0.0, 0.0, 0.0, 0.0, 0.0, 0.0, 0.0, 0.0, 0.0, 0.0, 0.0, 0.0, 0.0, 0.0, 0.0, 0.0, 0.0, 0.0, 0.0, 0.0, 0.0, 0.0, 0.0, 0.0, 0.0, 0.0, 0.0, 0.0, 0.0, 0.0, 0.0, 0.0, 0.0, 0.0, 0.0, 0.0, 0.0, 0.0, 0.0, 0.0, 0.0, 0.0], "global_f1": [0.0, 0.0, 0.0, 0.0, 0.0, 0.0, 0.0, 0.0, 0.0, 0.0, 0.0, 0.0, 0.0, 0.0, 0.0, 0.0, 0.0, 0.0, 0.0, 0.0, 0.0, 0.0, 0.0, 0.0, 0.0, 0.0, 0.0, 0.0, 0.0, 0.0, 0.0, 0.0, 0.0, 0.0, 0.0, 0.0, 0.0, 0.0, 0.0, 0.0, 0.0, 0.0, 0.0, 0.0, 0.0, 0.0, 0.0, 0.0, 0.0, 0.0], "update_magnitudes": [[1.0340417623519897, 0.8971209526062012], [0.7732163071632385, 0.621508777141571], [0.6767206788063049, 0.6243831515312195], [0.6749817728996277, 0.5928288698196411], [0.650579571723938, 0.582061767578125], [0.6502611041069031, 0.5983745455741882], [0.6549344658851624, 0.5886578559875488], [0.6514464616775513, 0.5594333410263062], [0.6368364691734314, 0.5479361414909363], [0.6170673370361328, 0.5562289953231812], [0.59953373670578, 0.5385024547576904], [0.6062756776809692, 0.5453491806983948], [0.6193479299545288, 0.5550999045372009], [0.5998764634132385, 0.5415524244308472], [0.6046012043952942, 0.5486723780632019], [0.6059332489967346, 0.5318619012832642], [0.6017029285430908, 0.5418592095375061], [0.5857822895050049, 0.5368800163269043], [0.5900861024856567, 0.5560026168823242], [0.5878781676292419, 0.537445068359375], [0.5826260447502136, 0.5291608572006226], [0.5861192345619202, 0.5212526917457581], [0.5875822901725769, 0.5416662096977234], [0.5773439407348633, 0.5453837513923645], [0.5561447143554688, 0.5393504500389099], [0.577240526676178, 0.5407726168632507], [0.5658147931098938, 0.5473062992095947], [0.584535539150238, 0.5234383344650269], [0.5833068490028381, 0.5336865186691284], [0.5739655494689941, 0.5298600792884827], [0.5766803026199341, 0.529585599899292], [0.5720041394233704, 0.540784478187561], [0.5666571259498596, 0.5281756520271301], [0.561566174030304, 0.5229281783103943], [0.5769132375717163, 0.5256985425949097], [0.5711308717727661, 0.5029223561286926], [0.5745083093643188, 0.5443857908248901], [0.571773886680603, 0.5237749218940735], [0.5869998335838318, 0.5216147303581238], [0.5700110793113708, 0.5316876173019409], [0.5728360414505005, 0.5237942934036255], [0.5454226136207581, 0.5492608547210693], [0.5706969499588013, 0.5179764628410339], [0.5524921417236328, 0.5299346446990967], [0.5729172825813293, 0.5198788642883301], [0.5699015855789185, 0.5420205593109131], [0.5861144065856934, 0.5183460712432861], [0.5766921639442444, 0.5273061394691467], [0.5632405281066895, 0.5158737897872925], [0.5595617890357971, 0.5503953695297241]]}