{"roc_auc": {"0": [0.6748245545904761, 0.6708975196080238, 0.6703587761539049, 0.6670318625450543, 0.6642795647400472, 0.6660870045995593, 0.661911989658232, 0.6631678510027145, 0.6620906931986025, 0.6605442329109391, 0.6577160766049092, 0.6577340127797715, 0.6594634549614422, 0.6553496533875346, 0.6560582145706244, 0.6539213414810738, 0.655431271210761, 0.6502883610351247, 0.6530243681858992, 0.6519806144505673, 0.6524969788241242, 0.6529481805807502, 0.6527470979598178, 0.6506276673889404, 0.6528586642585021, 0.6556682261814181, 0.6566761075670253, 0.6576849762650104, 0.6552255811320655, 0.6537864087894497, 0.6550057395759559, 0.6566063374923319, 0.6570076799738823, 0.656372509010871, 0.6558839539359537, 0.6572903804180412, 0.6579220957877304, 0.6618223087839208, 0.6590374296704483, 0.6623888615366793, 0.6630450951637491, 0.6625662486605463, 0.6625512744228172, 0.6589800010004765, 0.6586634028313487, 0.6608364773747496, 0.6604218061760996, 0.6566275647084532, 0.6581401272711476, 0.6654176068074531], "1": [0.6034857527020737, 0.603081036355174, 0.6033128199824171, 0.6036284842529864, 0.6028350830014997, 0.6044167140714691, 0.6035385013187154, 0.604054403475203, 0.6042458499250143, 0.6040639189119306, 0.6045471376118322, 0.6040370274603093, 0.6039988622847391, 0.6033780834669287, 0.6037866266742514, 0.6034099394942338, 0.6039978279981384, 0.6018860216165899, 0.602146868697316, 0.6014514143869265, 0.601548016755443, 0.6017551843615866, 0.602032786885246, 0.6025165227284481, 0.603067073486063, 0.6032105290375963, 0.6042915653927703, 0.6045469307545122, 0.6039500439571805, 0.6041528675596007, 0.6044685318301701, 0.6045749599213943, 0.6045209701608316, 0.6047570977917981, 0.6051725707193463, 0.6056710968609402, 0.6057193980451983, 0.6066937994518281, 0.6057703883746186, 0.6062165796142112, 0.6067577183637586, 0.6064083363500026, 0.6064901484201272, 0.6064225060764338, 0.6052919273930806, 0.6066032993742566, 0.6064600506800434, 0.606143145265553, 0.6054553446760097, 0.606474634121115]}, "pr_auc": {"0": [0.9618772632656939, 0.9612205121768153, 0.9611345759637899, 0.9606750456343575, 0.9601802873919234, 0.9605999289314562, 0.9598713813954067, 0.9601328016416262, 0.9598709865912709, 0.9595982433648446, 0.9590892763567128, 0.9591751059846284, 0.9595098304129139, 0.9585706148364955, 0.9586827530868487, 0.9582329862491465, 0.9586087127874934, 0.9575843346753266, 0.9581287368473788, 0.9579142723449289, 0.958007696078746, 0.9582160927378012, 0.9581379981574301, 0.957848685377747, 0.958371729285835, 0.9588056270889538, 0.9590138205078939, 0.9592470779116384, 0.9589144270969969, 0.9586119342569831, 0.9588435718881259, 0.9591511093965125, 0.9592361038408228, 0.9591597095119149, 0.9590772721494871, 0.9594008538727031, 0.959464931579682, 0.9601734580035638, 0.9596543202230697, 0.9602943182868171, 0.9603889796529003, 0.960340841057722, 0.9603542106262308, 0.9598385970124903, 0.9597124205605054, 0.9600128496954179, 0.959927457754506, 0.9594750813104318, 0.9597110108840394, 0.9608435013595402], "1": [0.9494873367120718, 0.949409090349234, 0.9494475463828368, 0.949472102713739, 0.9493872428589396, 0.9495910420769291, 0.9494865285250896, 0.9495492578625035, 0.949557784914167, 0.9495367768764006, 0.9495716740233545, 0.9495236292163348, 0.949513026299821, 0.9494232659631945, 0.9494633896186209, 0.9494129595719861, 0.9494935037149947, 0.9492160819379983, 0.9492876333284448, 0.9491841936960265, 0.9491931147161073, 0.9492207126974037, 0.9492459095964031, 0.9492639872225163, 0.9493671166679163, 0.9494109739801961, 0.9495672759269178, 0.9495960067878109, 0.9495239437765594, 0.9495343634566406, 0.9495708034401821, 0.9496252696411066, 0.9496213054706915, 0.9496251392956117, 0.949646810407027, 0.9497221385552377, 0.9496817561652838, 0.9498115598284839, 0.9497532256343165, 0.9497803760198242, 0.9498733359070957, 0.949852533220286, 0.9498736572004765, 0.949824740697716, 0.9497146237160261, 0.9498690192154988, 0.949849607969969, 0.9497568450011661, 0.9496999157821021, 0.9498494776912693]}, "loss": {"0": [1.9107523881232753, 2.2010501841107746, 2.3162829761524484, 2.4652161069308325, 2.5561872285674476, 2.4327006241161095, 2.3377758466939884, 2.4875480626413093, 2.485555003065121, 2.474294472487401, 2.47015322673765, 2.3828145387087316, 2.3900921669354798, 2.4991583263457504, 2.426566257949703, 2.3896409884144885, 2.3512045744278818, 2.3226098891218556, 2.342769134419715, 2.41066174246495, 2.48455385769798, 2.3445763949537617, 2.3772598605095796, 2.297983578569529, 2.281411897588229, 2.2605289361330674, 2.226178671875708, 2.2880049212282767, 2.268520246264864, 2.22749694541034, 2.412378053138338, 2.129383853194989, 2.228834692319096, 2.2239488676628962, 2.272334637115775, 2.108934640020188, 2.1417308639785215, 2.034474631020932, 2.1502749993522148, 2.2629143768969837, 2.0521687345434243, 2.1721372865707576, 1.9983491437131293, 2.027770956270899, 2.093615320224217, 1.9723219305289834, 2.0205822425146494, 1.8670463921523568, 2.056031738033463, 1.9297718757716784], "1": [1.4903887037512986, 1.6515433831597603, 1.7333526150972158, 1.7848474356188158, 1.813895507437064, 1.7569737184655267, 1.6395026651124334, 1.7648473720628752, 1.7447820032138746, 1.715881726667765, 1.6754648576232516, 1.6297051548748318, 1.661952693069896, 1.6698952708945474, 1.6302869317401691, 1.5711207080879055, 1.5735631003041817, 1.4876523849764411, 1.5442840066651677, 1.5778194666607168, 1.6397983146537867, 1.564546331440278, 1.5843575243511323, 1.5059603547519176, 1.5217963417021936, 1.546608917826299, 1.5385380821473849, 1.6021596013556885, 1.5620107609414189, 1.5129422018523795, 1.649296306572117, 1.4959824627438831, 1.5559832259515047, 1.543758216236653, 1.5640203859209665, 1.4633669253742059, 1.5005755057443844, 1.4797959089139503, 1.531512305913924, 1.6606358095156777, 1.5193579398335668, 1.626961643373191, 1.5078971143207427, 1.4809385915352855, 1.5205824893891078, 1.460118506174026, 1.4904823647372263, 1.3346661452040312, 1.4865691106223053, 1.4831849494312825]}, "accuracy": {"0": [0.0685805422647528, 0.0685805422647528, 0.0685805422647528, 0.0685805422647528, 0.0685805422647528, 0.0685805422647528, 0.0685805422647528, 0.0685805422647528, 0.0685805422647528, 0.0685805422647528, 0.0685805422647528, 0.0685805422647528, 0.0685805422647528, 0.0685805422647528, 0.0685805422647528, 0.0685805422647528, 0.0685805422647528, 0.0685805422647528, 0.0685805422647528, 0.0685805422647528, 0.0685805422647528, 0.0685805422647528, 0.0685805422647528, 0.0685805422647528, 0.0685805422647528, 0.0685805422647528, 0.0685805422647528, 0.0685805422647528, 0.0685805422647528, 0.0685805422647528, 0.0685805422647528, 0.0685805422647528, 0.0685805422647528, 0.0685805422647528, 0.0685805422647528, 0.0685805422647528, 0.0685805422647528, 0.0685805422647528, 0.0685805422647528, 0.0685805422647528, 0.0685805422647528, 0.0685805422647528, 0.0685805422647528, 0.0685805422647528, 0.0685805422647528, 0.0685805422647528, 0.0685805422647528, 0.0685805422647528, 0.0685805422647528, 0.0685805422647528],